Workbook
Name Slicer_Markets: #N/A
Name Slicer_Months: #N/A
Name Slicer_SD: #N/A
Name Slicer_SD1: #N/A
Name Slicer_SD2: #N/A
Name Slicer_TM: #N/A
Name Slicer_TM_Name1: #N/A
Name Slicer_TM1: #N/A
Name Slicer_TM2: #N/A
Name Slicer_VP: #N/A
Name Slicer_VP1: #N/A
Name Slicer_VP11: #N/A
Name Slicer_Week_No: #N/A

Sheet Cover

Sheet Summary
B1: Budgeted vs Actual Hours 08 - 13 Apr 2026 | I1: Pay Period Wise OT Hours | P1: Week Wise OT Hours
B3: VP/TM | C3: Weekly Budgeted HRS as of 08 - 14 Apr | D3: Regular Hours as of 08 - 13 Apr 2026 | E3: Overtime Hours as of 08 - 13 Apr 2026 | F3: Other Hours as of 08 - 13 Apr 2026 | G3: Total Hours as of 08 - 13 Apr 2026 | I3: VP/TM | J3: Pay Period 01 - 14 Apr | K3: Pay Period 18 March - 31 March | L3: Pay Period 04 March - 17 March | M3: Pay Period 18 Feb to 03 Mar | P3: VP/TM | Q3: 08 - 14 Apr 2026 | R3: 01 - 07 Apr 2026 | S3: 25 - 31 Mar 2026 | T3: 18-24 Mar 2026
B4: Anthony Galichet | C4: 10061.6 | D4: 7112.92 | E4: 39.4 | F4: 0 | G4: 7152.32 | I4: Anthony Galichet | J4: 140.29 | K4: 192.84 | L4: 217.87 | M4: 244.31 | P4: Anthony Galichet | Q4: 39.4 | R4: 100.89 | S4: 99.72 | T4: 93.12
B5: Austin TM | C5: 472.1 | D5: 355.76 | E5: 4.88 | F5: 0 | G5: 360.64 | I5: Austin TM | J5: 11.81 | K5: 29.7 | L5: 27.05 | M5: 24.91 | P5: Austin TM | Q5: 4.88 | R5: 6.93 | S5: 17.04 | T5: 12.66
B6: Carlos Ayala-Level Up | C6: 1334 | D6: 899.51 | E6: 0.87 | F6: 0 | G6: 900.38 | I6: Carlos Ayala-Level Up | J6: 2.54 | K6: 42.1 | L6: 28.76 | M6: 37.7 | P6: Carlos Ayala-Level Up | Q6: 0.87 | R6: 1.67 | S6: 21.19 | T6: 20.91
B7: Colorado Market - No TM | C7: 742.5 | D7: 556.6 | E7: 0 | F7: 0 | G7: 556.6 | I7: Colorado Market - No TM | J7: 13.31 | K7: 17.24 | L7: 24.75 | M7: 66.54 | P7: Colorado Market - No TM | Q7: 0 | R7: 13.31 | S7: 7.74 | T7: 9.5
B8: Isreal Gomez- Level Up | C8: 797 | D8: 424.49 | E8: 22.17 | F8: 0 | G8: 446.66 | I8: Isreal Gomez- Level Up | J8: 58.71 | K8: 61.23 | L8: 66.71 | M8: 31.5 | P8: Isreal Gomez- Level Up | Q8: 22.17 | R8: 36.54 | S8: 23.84 | T8: 37.39
B9: Jayme Roraff | C9: 1474.5 | D9: 897.22 | E9: 0 | F9: 0 | G9: 897.22 | I9: Jayme Roraff | J9: 22.41 | K9: 0.76 | L9: 13.09 | M9: 38.08 | P9: Jayme Roraff | Q9: 0 | R9: 22.41 | S9: 0.58 | T9: 0.18
B10: North Carolina Market - No TM | C10: 543 | D10: 420.13 | E10: 0 | F10: 0 | G10: 420.13 | I10: North Carolina Market - No TM | J10: 0.58 | K10: 0.71 | L10: 0.7 | M10: 0.07 | P10: North Carolina Market - No TM | Q10: 0 | R10: 0.58 | S10: 0.71 | T10: 0
B11: Suhail Ishaq | C11: 1617 | D11: 1085.27 | E11: 2.31 | F11: 0 | G11: 1087.58 | I11: Suhail Ishaq | J11: 9.65 | K11: 26.04 | L11: 28.67 | M11: 35.36 | P11: Suhail Ishaq | Q11: 2.31 | R11: 7.34 | S11: 17.17 | T11: 8.87
B12: Susu Leong | C12: 1244 | D12: 972.16 | E12: 9 | F12: 0 | G12: 981.16 | I12: Susu Leong | J12: 21.11 | K12: 5.26 | L12: 27.07 | M12: 10.15 | P12: Susu Leong | Q12: 9 | R12: 12.11 | S12: 1.67 | T12: 3.59
B13: Veronica Ramos | C13: 1837.5 | D13: 1501.78 | E13: 0.17 | F13: 0 | G13: 1501.95 | I13: Veronica Ramos | J13: 0.17 | K13: 9.8 | L13: 1.07 | M13: 0 | P13: Veronica Ramos | Q13: 0.17 | R13: 0 | S13: 9.78 | T13: 0.02
B14: Grand Total | C14: 10061.6 | D14: 7112.92 | E14: 39.4 | F14: 0 | G14: 7152.32 | I14: Grand Total | J14: 140.29 | K14: 192.84 | L14: 217.87 | M14: 244.31 | P14: Grand Total | Q14: 39.4 | R14: 100.89 | S14: 99.72 | T14: 93.12

Sheet Overtime 01 - 07 Apr
L1: Total | M1: =SUBTOTAL(9,M3:M1048576) -> 100.89
A2: VP | B2: SD | C2: TM | D2: HRBP | E2: SEL | F2: Market | G2: Store | H2: UID | I2: Date | J2: Paycom ID | K2: Name | L2: Role | M2: Hours
A3: =INDEX('MO Store'!D:D,MATCH('Overtime 01 - 07 Apr'!$H3,'MO Store'!$A:$A,0)) -> Anthony Galichet | B3: =INDEX('MO Store'!F:F,MATCH('Overtime 01 - 07 Apr'!$H3,'MO Store'!$A:$A,0)) -> Romio Hamdar | C3: =IFERROR(INDEX('MO Store'!G:G,MATCH('Overtime 01 - 07 Apr'!$H3,'MO Store'!$A:$A,0)),"") -> Suhail Ishaq | D3: =INDEX('MO Store'!E:E,MATCH('Overtime 01 - 07 Apr'!$H3,'MO Store'!$A:$A,0)) -> Brittanie Braggs | E3: =IFERROR(INDEX('MO Store'!H:H,MATCH('Overtime 01 - 07 Apr'!$H3,'MO Store'!$A:$A,0)),"") -> No SEL | F3: =INDEX('MO Store'!B:B,MATCH('Overtime 01 - 07 Apr'!$H3,'MO Store'!$A:$A,0)) -> Houston North East | G3: =INDEX('MO Store'!C:C,MATCH('Overtime 01 - 07 Apr'!$H3,'MO Store'!$A:$A,0)) -> Texas City | H3: 180413 | I3: 04/07/2026 | J3: A00P | K3: AJALA, SEGUN | L3: Retail Store Manager I | M3: 1.19
A4: =INDEX('MO Store'!D:D,MATCH('Overtime 01 - 07 Apr'!$H4,'MO Store'!$A:$A,0)) -> Anthony Galichet | B4: =INDEX('MO Store'!F:F,MATCH('Overtime 01 - 07 Apr'!$H4,'MO Store'!$A:$A,0)) -> No SD | C4: =IFERROR(INDEX('MO Store'!G:G,MATCH('Overtime 01 - 07 Apr'!$H4,'MO Store'!$A:$A,0)),"") -> Susu Leong | D4: =INDEX('MO Store'!E:E,MATCH('Overtime 01 - 07 Apr'!$H4,'MO Store'!$A:$A,0)) -> Brittanie Braggs | E4: =IFERROR(INDEX('MO Store'!H:H,MATCH('Overtime 01 - 07 Apr'!$H4,'MO Store'!$A:$A,0)),"") -> No SEL | F4: =INDEX('MO Store'!B:B,MATCH('Overtime 01 - 07 Apr'!$H4,'MO Store'!$A:$A,0)) -> Arizona | G4: =INDEX('MO Store'!C:C,MATCH('Overtime 01 - 07 Apr'!$H4,'MO Store'!$A:$A,0)) -> Tucson Speedway | H4: 155061 | I4: 04/07/2026 | J4: AWK6 | K4: ALVAREZ, CLAUDIA E | L4: Bilingual Retail Store Manager I | M4: 4.49
A5: =INDEX('MO Store'!D:D,MATCH('Overtime 01 - 07 Apr'!$H5,'MO Store'!$A:$A,0)) -> Anthony Galichet | B5: =INDEX('MO Store'!F:F,MATCH('Overtime 01 - 07 Apr'!$H5,'MO Store'!$A:$A,0)) -> Romio Hamdar | C5: =IFERROR(INDEX('MO Store'!G:G,MATCH('Overtime 01 - 07 Apr'!$H5,'MO Store'!$A:$A,0)),"") -> Austin TM | D5: =INDEX('MO Store'!E:E,MATCH('Overtime 01 - 07 Apr'!$H5,'MO Store'!$A:$A,0)) -> Brittanie Braggs | E5: =IFERROR(INDEX('MO Store'!H:H,MATCH('Overtime 01 - 07 Apr'!$H5,'MO Store'!$A:$A,0)),"") -> No SEL | F5: =INDEX('MO Store'!B:B,MATCH('Overtime 01 - 07 Apr'!$H5,'MO Store'!$A:$A,0)) -> Austin | G5: =INDEX('MO Store'!C:C,MATCH('Overtime 01 - 07 Apr'!$H5,'MO Store'!$A:$A,0)) -> OLTORF | H5: 176020 | I5: 04/07/2026 | J5: AWT2 | K5: ARROYO, SAHIRA GISSELLE | L5: Bilingual Connectivity Expert | M5: 6.26
A6: =INDEX('MO Store'!D:D,MATCH('Overtime 01 - 07 Apr'!$H6,'MO Store'!$A:$A,0)) -> Anthony Galichet | B6: =INDEX('MO Store'!F:F,MATCH('Overtime 01 - 07 Apr'!$H6,'MO Store'!$A:$A,0)) -> Romio Hamdar | C6: =IFERROR(INDEX('MO Store'!G:G,MATCH('Overtime 01 - 07 Apr'!$H6,'MO Store'!$A:$A,0)),"") -> Austin TM | D6: =INDEX('MO Store'!E:E,MATCH('Overtime 01 - 07 Apr'!$H6,'MO Store'!$A:$A,0)) -> Brittanie Braggs | E6: =IFERROR(INDEX('MO Store'!H:H,MATCH('Overtime 01 - 07 Apr'!$H6,'MO Store'!$A:$A,0)),"") -> No SEL | F6: =INDEX('MO Store'!B:B,MATCH('Overtime 01 - 07 Apr'!$H6,'MO Store'!$A:$A,0)) -> Austin | G6: =INDEX('MO Store'!C:C,MATCH('Overtime 01 - 07 Apr'!$H6,'MO Store'!$A:$A,0)) -> Rutland | H6: 152336 | I6: 04/07/2026 | J6: AXGA | K6: CARRILLO, MARÃA VALENTINA | L6: Bilingual Connectivity Expert | M6: 0.12
A7: =INDEX('MO Store'!D:D,MATCH('Overtime 01 - 07 Apr'!$H7,'MO Store'!$A:$A,0)) -> Anthony Galichet | B7: =INDEX('MO Store'!F:F,MATCH('Overtime 01 - 07 Apr'!$H7,'MO Store'!$A:$A,0)) -> No SD | C7: =IFERROR(INDEX('MO Store'!G:G,MATCH('Overtime 01 - 07 Apr'!$H7,'MO Store'!$A:$A,0)),"") -> Jayme Roraff | D7: =INDEX('MO Store'!E:E,MATCH('Overtime 01 - 07 Apr'!$H7,'MO Store'!$A:$A,0)) -> Brittanie Braggs | E7: =IFERROR(INDEX('MO Store'!H:H,MATCH('Overtime 01 - 07 Apr'!$H7,'MO Store'!$A:$A,0)),"") -> No SEL | F7: =INDEX('MO Store'!B:B,MATCH('Overtime 01 - 07 Apr'!$H7,'MO Store'!$A:$A,0)) -> Wisconsin West | G7: =INDEX('MO Store'!C:C,MATCH('Overtime 01 - 07 Apr'!$H7,'MO Store'!$A:$A,0)) -> Richland Center | H7: 240355 | I7: 04/06/2026 | J7: A3AQ | K7: CLARK, CHASE JAMES | L7: Connectivity Expert | M7: 1.75
A8: =INDEX('MO Store'!D:D,MATCH('Overtime 01 - 07 Apr'!$H8,'MO Store'!$A:$A,0)) -> Anthony Galichet | B8: =INDEX('MO Store'!F:F,MATCH('Overtime 01 - 07 Apr'!$H8,'MO Store'!$A:$A,0)) -> No SD | C8: =IFERROR(INDEX('MO Store'!G:G,MATCH('Overtime 01 - 07 Apr'!$H8,'MO Store'!$A:$A,0)),"") -> Jayme Roraff | D8: =INDEX('MO Store'!E:E,MATCH('Overtime 01 - 07 Apr'!$H8,'MO Store'!$A:$A,0)) -> Brittanie Braggs | E8: =IFERROR(INDEX('MO Store'!H:H,MATCH('Overtime 01 - 07 Apr'!$H8,'MO Store'!$A:$A,0)),"") -> No SEL | F8: =INDEX('MO Store'!B:B,MATCH('Overtime 01 - 07 Apr'!$H8,'MO Store'!$A:$A,0)) -> Wisconsin West | G8: =INDEX('MO Store'!C:C,MATCH('Overtime 01 - 07 Apr'!$H8,'MO Store'!$A:$A,0)) -> Tomah Buan Street | H8: 180228 | I8: 04/06/2026 | J8: AXLK | K8: DEWEES, OZZY DOKKEN | L8: Connectivity Expert | M8: 1.04
A9: =INDEX('MO Store'!D:D,MATCH('Overtime 01 - 07 Apr'!$H9,'MO Store'!$A:$A,0)) -> Anthony Galichet | B9: =INDEX('MO Store'!F:F,MATCH('Overtime 01 - 07 Apr'!$H9,'MO Store'!$A:$A,0)) -> No SD | C9: =IFERROR(INDEX('MO Store'!G:G,MATCH('Overtime 01 - 07 Apr'!$H9,'MO Store'!$A:$A,0)),"") -> Jayme Roraff | D9: =INDEX('MO Store'!E:E,MATCH('Overtime 01 - 07 Apr'!$H9,'MO Store'!$A:$A,0)) -> Brittanie Braggs | E9: =IFERROR(INDEX('MO Store'!H:H,MATCH('Overtime 01 - 07 Apr'!$H9,'MO Store'!$A:$A,0)),"") -> No SEL | F9: =INDEX('MO Store'!B:B,MATCH('Overtime 01 - 07 Apr'!$H9,'MO Store'!$A:$A,0)) -> Wisconsin West | G9: =INDEX('MO Store'!C:C,MATCH('Overtime 01 - 07 Apr'!$H9,'MO Store'!$A:$A,0)) -> Tomah Buan Street | H9: 180228 | I9: 04/07/2026 | J9: AXLK | K9: DEWEES, OZZY DOKKEN | L9: Connectivity Expert | M9: 8.12
A10: =INDEX('MO Store'!D:D,MATCH('Overtime 01 - 07 Apr'!$H10,'MO Store'!$A:$A,0)) -> Anthony Galichet | B10: =INDEX('MO Store'!F:F,MATCH('Overtime 01 - 07 Apr'!$H10,'MO Store'!$A:$A,0)) -> No SD | C10: =IFERROR(INDEX('MO Store'!G:G,MATCH('Overtime 01 - 07 Apr'!$H10,'MO Store'!$A:$A,0)),"") -> Susu Leong | D10: =INDEX('MO Store'!E:E,MATCH('Overtime 01 - 07 Apr'!$H10,'MO Store'!$A:$A,0)) -> Brittanie Braggs | E10: =IFERROR(INDEX('MO Store'!H:H,MATCH('Overtime 01 - 07 Apr'!$H10,'MO Store'!$A:$A,0)),"") -> No SEL | F10: =INDEX('MO Store'!B:B,MATCH('Overtime 01 - 07 Apr'!$H10,'MO Store'!$A:$A,0)) -> Arizona | G10: =INDEX('MO Store'!C:C,MATCH('Overtime 01 - 07 Apr'!$H10,'MO Store'!$A:$A,0)) -> The Groves | H10: 211579 | I10: 04/07/2026 | J10: AXC3 | K10: DIAZ, EDDIE | L10: Bilingual Connectivity Expert | M10: 2.53
A11: =INDEX('MO Store'!D:D,MATCH('Overtime 01 - 07 Apr'!$H11,'MO Store'!$A:$A,0)) -> Anthony Galichet | B11: =INDEX('MO Store'!F:F,MATCH('Overtime 01 - 07 Apr'!$H11,'MO Store'!$A:$A,0)) -> Romio Hamdar | C11: =IFERROR(INDEX('MO Store'!G:G,MATCH('Overtime 01 - 07 Apr'!$H11,'MO Store'!$A:$A,0)),"") -> Suhail Ishaq | D11: =INDEX('MO Store'!E:E,MATCH('Overtime 01 - 07 Apr'!$H11,'MO Store'!$A:$A,0)) -> Brittanie Braggs | E11: =IFERROR(INDEX('MO Store'!H:H,MATCH('Overtime 01 - 07 Apr'!$H11,'MO Store'!$A:$A,0)),"") -> No SEL | F11: =INDEX('MO Store'!B:B,MATCH('Overtime 01 - 07 Apr'!$H11,'MO Store'!$A:$A,0)) -> Houston North East | G11: =INDEX('MO Store'!C:C,MATCH('Overtime 01 - 07 Apr'!$H11,'MO Store'!$A:$A,0)) -> Ponderosa Forest | H11: 209868 | I11: 04/06/2026 | J11: A3C8 | K11: FAJARDO, ANDY JOSUE | L11: Bilingual Retail Store Manager I | M11: 4.05
A12: =INDEX('MO Store'!D:D,MATCH('Overtime 01 - 07 Apr'!$H12,'MO Store'!$A:$A,0)) -> Anthony Galichet | B12: =INDEX('MO Store'!F:F,MATCH('Overtime 01 - 07 Apr'!$H12,'MO Store'!$A:$A,0)) -> No SD | C12: =IFERROR(INDEX('MO Store'!G:G,MATCH('Overtime 01 - 07 Apr'!$H12,'MO Store'!$A:$A,0)),"") -> Jayme Roraff | D12: =INDEX('MO Store'!E:E,MATCH('Overtime 01 - 07 Apr'!$H12,'MO Store'!$A:$A,0)) -> Brittanie Braggs | E12: =IFERROR(INDEX('MO Store'!H:H,MATCH('Overtime 01 - 07 Apr'!$H12,'MO Store'!$A:$A,0)),"") -> No SEL | F12: =INDEX('MO Store'!B:B,MATCH('Overtime 01 - 07 Apr'!$H12,'MO Store'!$A:$A,0)) -> Wisconsin West | G12: =INDEX('MO Store'!C:C,MATCH('Overtime 01 - 07 Apr'!$H12,'MO Store'!$A:$A,0)) -> Onalaska | H12: 180225 | I12: 04/07/2026 | J12: A98Y | K12: FERGUSON, JUSTIN EDWARD | L12: Connectivity Expert | M12: 0.79
A13: =INDEX('MO Store'!D:D,MATCH('Overtime 01 - 07 Apr'!$H13,'MO Store'!$A:$A,0)) -> Anthony Galichet | B13: =INDEX('MO Store'!F:F,MATCH('Overtime 01 - 07 Apr'!$H13,'MO Store'!$A:$A,0)) -> Romio Hamdar | C13: =IFERROR(INDEX('MO Store'!G:G,MATCH('Overtime 01 - 07 Apr'!$H13,'MO Store'!$A:$A,0)),"") -> Carlos Ayala-Level Up | D13: =INDEX('MO Store'!E:E,MATCH('Overtime 01 - 07 Apr'!$H13,'MO Store'!$A:$A,0)) -> Brittanie Braggs | E13: =IFERROR(INDEX('MO Store'!H:H,MATCH('Overtime 01 - 07 Apr'!$H13,'MO Store'!$A:$A,0)),"") -> No SEL | F13: =INDEX('MO Store'!B:B,MATCH('Overtime 01 - 07 Apr'!$H13,'MO Store'!$A:$A,0)) -> Houston South West | G13: =INDEX('MO Store'!C:C,MATCH('Overtime 01 - 07 Apr'!$H13,'MO Store'!$A:$A,0)) -> Westheimer Tanglewilde | H13: 209864 | I13: 04/07/2026 | J13: AVW3 | K13: FUENTES, ANTONY ALEXANDER | L13: Bilingual Connectivity Expert | M13: 1.67
A14: =INDEX('MO Store'!D:D,MATCH('Overtime 01 - 07 Apr'!$H14,'MO Store'!$A:$A,0)) -> Anthony Galichet | B14: =INDEX('MO Store'!F:F,MATCH('Overtime 01 - 07 Apr'!$H14,'MO Store'!$A:$A,0)) -> Romio Hamdar | C14: =IFERROR(INDEX('MO Store'!G:G,MATCH('Overtime 01 - 07 Apr'!$H14,'MO Store'!$A:$A,0)),"") -> Isreal Gomez- Level Up | D14: =INDEX('MO Store'!E:E,MATCH('Overtime 01 - 07 Apr'!$H14,'MO Store'!$A:$A,0)) -> Brittanie Braggs | E14: =IFERROR(INDEX('MO Store'!H:H,MATCH('Overtime 01 - 07 Apr'!$H14,'MO Store'!$A:$A,0)),"") -> No SEL | F14: =INDEX('MO Store'!B:B,MATCH('Overtime 01 - 07 Apr'!$H14,'MO Store'!$A:$A,0)) -> Houston East | G14: =INDEX('MO Store'!C:C,MATCH('Overtime 01 - 07 Apr'!$H14,'MO Store'!$A:$A,0)) -> Deer Park | H14: 209870 | I14: 04/06/2026 | J14: AXL5 | K14: GARCIA, STEVEN JAMES | L14: Retail Store Manager I | M14: 1.23
... A38: =INDEX('MO Store'!D:D,MATCH('Overtime 01 - 07 Apr'!$H38,'MO Store'!$A:$A,0)) -> Anthony Galichet | B38: =INDEX('MO Store'!F:F,MATCH('Overtime 01 - 07 Apr'!$H38,'MO Store'!$A:$A,0)) -> Romio Hamdar | C38: =IFERROR(INDEX('MO Store'!G:G,MATCH('Overtime 01 - 07 Apr'!$H38,'MO Store'!$A:$A,0)),"") -> Colorado Market - No TM | D38: =INDEX('MO Store'!E:E,MATCH('Overtime 01 - 07 Apr'!$H38,'MO Store'!$A:$A,0)) -> Brittanie Braggs | E38: =IFERROR(INDEX('MO Store'!H:H,MATCH('Overtime 01 - 07 Apr'!$H38,'MO Store'!$A:$A,0)),"") -> No SEL | F38: =INDEX('MO Store'!B:B,MATCH('Overtime 01 - 07 Apr'!$H38,'MO Store'!$A:$A,0)) -> Colorado | G38: =INDEX('MO Store'!C:C,MATCH('Overtime 01 - 07 Apr'!$H38,'MO Store'!$A:$A,0)) -> Fountain MESA ROAD | H38: 178719 | I38: 04/07/2026 | J38: AV2Y | K38: WORSHAM, CHARLENE TORRES | L38: Bilingual Connectivity Expert | M38: 0.66

Sheet Overtime 08 - 13 Apr
L1: Total | M1: =SUBTOTAL(9,M3:M1048576) -> 39.4
A2: VP | B2: SD | C2: TM | D2: HRBP | E2: SEL | F2: Market | G2: Store | H2: UID | I2: Date | J2: Paycom ID | K2: Name | L2: Role | M2: Hours
A3: =INDEX('MO Store'!D:D,MATCH('Overtime 08 - 13 Apr'!$H3,'MO Store'!$A:$A,0)) -> Anthony Galichet | B3: =INDEX('MO Store'!F:F,MATCH('Overtime 08 - 13 Apr'!$H3,'MO Store'!$A:$A,0)) -> Romio Hamdar | C3: =IFERROR(INDEX('MO Store'!G:G,MATCH('Overtime 08 - 13 Apr'!$H3,'MO Store'!$A:$A,0)),"") -> Austin TM | D3: =INDEX('MO Store'!E:E,MATCH('Overtime 08 - 13 Apr'!$H3,'MO Store'!$A:$A,0)) -> Brittanie Braggs | E3: =IFERROR(INDEX('MO Store'!H:H,MATCH('Overtime 08 - 13 Apr'!$H3,'MO Store'!$A:$A,0)),"") -> No SEL | F3: =INDEX('MO Store'!B:B,MATCH('Overtime 08 - 13 Apr'!$H3,'MO Store'!$A:$A,0)) -> Austin | G3: =INDEX('MO Store'!C:C,MATCH('Overtime 08 - 13 Apr'!$H3,'MO Store'!$A:$A,0)) -> OLTORF | H3: 176020 | I3: 04/13/2026 | J3: AWT2 | K3: ARROYO, SAHIRA GISSELLE | L3: Bilingual Connectivity Expert | M3: 4.88
A4: =INDEX('MO Store'!D:D,MATCH('Overtime 08 - 13 Apr'!$H4,'MO Store'!$A:$A,0)) -> Anthony Galichet | B4: =INDEX('MO Store'!F:F,MATCH('Overtime 08 - 13 Apr'!$H4,'MO Store'!$A:$A,0)) -> No SD | C4: =IFERROR(INDEX('MO Store'!G:G,MATCH('Overtime 08 - 13 Apr'!$H4,'MO Store'!$A:$A,0)),"") -> Susu Leong | D4: =INDEX('MO Store'!E:E,MATCH('Overtime 08 - 13 Apr'!$H4,'MO Store'!$A:$A,0)) -> Brittanie Braggs | E4: =IFERROR(INDEX('MO Store'!H:H,MATCH('Overtime 08 - 13 Apr'!$H4,'MO Store'!$A:$A,0)),"") -> No SEL | F4: =INDEX('MO Store'!B:B,MATCH('Overtime 08 - 13 Apr'!$H4,'MO Store'!$A:$A,0)) -> Arizona | G4: =INDEX('MO Store'!C:C,MATCH('Overtime 08 - 13 Apr'!$H4,'MO Store'!$A:$A,0)) -> The Groves | H4: 211579 | I4: 04/12/2026 | J4: AXH7 | K4: BARAHONA, ADAN ROGER | L4: Bilingual Connectivity Expert | M4: 0.44
A5: =INDEX('MO Store'!D:D,MATCH('Overtime 08 - 13 Apr'!$H5,'MO Store'!$A:$A,0)) -> Anthony Galichet | B5: =INDEX('MO Store'!F:F,MATCH('Overtime 08 - 13 Apr'!$H5,'MO Store'!$A:$A,0)) -> No SD | C5: =IFERROR(INDEX('MO Store'!G:G,MATCH('Overtime 08 - 13 Apr'!$H5,'MO Store'!$A:$A,0)),"") -> Susu Leong | D5: =INDEX('MO Store'!E:E,MATCH('Overtime 08 - 13 Apr'!$H5,'MO Store'!$A:$A,0)) -> Brittanie Braggs | E5: =IFERROR(INDEX('MO Store'!H:H,MATCH('Overtime 08 - 13 Apr'!$H5,'MO Store'!$A:$A,0)),"") -> No SEL | F5: =INDEX('MO Store'!B:B,MATCH('Overtime 08 - 13 Apr'!$H5,'MO Store'!$A:$A,0)) -> Arizona | G5: =INDEX('MO Store'!C:C,MATCH('Overtime 08 - 13 Apr'!$H5,'MO Store'!$A:$A,0)) -> The Groves | H5: 211579 | I5: 04/13/2026 | J5: AXH7 | K5: BARAHONA, ADAN ROGER | L5: Bilingual Connectivity Expert | M5: 8.3
A6: =INDEX('MO Store'!D:D,MATCH('Overtime 08 - 13 Apr'!$H6,'MO Store'!$A:$A,0)) -> Anthony Galichet | B6: =INDEX('MO Store'!F:F,MATCH('Overtime 08 - 13 Apr'!$H6,'MO Store'!$A:$A,0)) -> Romio Hamdar | C6: =IFERROR(INDEX('MO Store'!G:G,MATCH('Overtime 08 - 13 Apr'!$H6,'MO Store'!$A:$A,0)),"") -> Isreal Gomez- Level Up | D6: =INDEX('MO Store'!E:E,MATCH('Overtime 08 - 13 Apr'!$H6,'MO Store'!$A:$A,0)) -> Brittanie Braggs | E6: =IFERROR(INDEX('MO Store'!H:H,MATCH('Overtime 08 - 13 Apr'!$H6,'MO Store'!$A:$A,0)),"") -> No SEL | F6: =INDEX('MO Store'!B:B,MATCH('Overtime 08 - 13 Apr'!$H6,'MO Store'!$A:$A,0)) -> Houston East | G6: =INDEX('MO Store'!C:C,MATCH('Overtime 08 - 13 Apr'!$H6,'MO Store'!$A:$A,0)) -> Deer Park | H6: 209870 | I6: 04/12/2026 | J6: AXL5 | K6: GARCIA, STEVEN JAMES | L6: Retail Store Manager I | M6: 2.82
A7: =INDEX('MO Store'!D:D,MATCH('Overtime 08 - 13 Apr'!$H7,'MO Store'!$A:$A,0)) -> Anthony Galichet | B7: =INDEX('MO Store'!F:F,MATCH('Overtime 08 - 13 Apr'!$H7,'MO Store'!$A:$A,0)) -> Romio Hamdar | C7: =IFERROR(INDEX('MO Store'!G:G,MATCH('Overtime 08 - 13 Apr'!$H7,'MO Store'!$A:$A,0)),"") -> Isreal Gomez- Level Up | D7: =INDEX('MO Store'!E:E,MATCH('Overtime 08 - 13 Apr'!$H7,'MO Store'!$A:$A,0)) -> Brittanie Braggs | E7: =IFERROR(INDEX('MO Store'!H:H,MATCH('Overtime 08 - 13 Apr'!$H7,'MO Store'!$A:$A,0)),"") -> No SEL | F7: =INDEX('MO Store'!B:B,MATCH('Overtime 08 - 13 Apr'!$H7,'MO Store'!$A:$A,0)) -> Houston East | G7: =INDEX('MO Store'!C:C,MATCH('Overtime 08 - 13 Apr'!$H7,'MO Store'!$A:$A,0)) -> Deer Park | H7: 209870 | I7: 04/13/2026 | J7: AXL5 | K7: GARCIA, STEVEN JAMES | L7: Retail Store Manager I | M7: 9.65
A8: =INDEX('MO Store'!D:D,MATCH('Overtime 08 - 13 Apr'!$H8,'MO Store'!$A:$A,0)) -> Anthony Galichet | B8: =INDEX('MO Store'!F:F,MATCH('Overtime 08 - 13 Apr'!$H8,'MO Store'!$A:$A,0)) -> Romio Hamdar | C8: =IFERROR(INDEX('MO Store'!G:G,MATCH('Overtime 08 - 13 Apr'!$H8,'MO Store'!$A:$A,0)),"") -> Isreal Gomez- Level Up | D8: =INDEX('MO Store'!E:E,MATCH('Overtime 08 - 13 Apr'!$H8,'MO Store'!$A:$A,0)) -> Brittanie Braggs | E8: =IFERROR(INDEX('MO Store'!H:H,MATCH('Overtime 08 - 13 Apr'!$H8,'MO Store'!$A:$A,0)),"") -> No SEL | F8: =INDEX('MO Store'!B:B,MATCH('Overtime 08 - 13 Apr'!$H8,'MO Store'!$A:$A,0)) -> Houston East | G8: =INDEX('MO Store'!C:C,MATCH('Overtime 08 - 13 Apr'!$H8,'MO Store'!$A:$A,0)) -> Angleton Harvin Dr | H8: 180412 | I8: 04/13/2026 | J8: AX12 | K8: JOHNSON, BARON D | L8: Connectivity Expert | M8: 1
A9: =INDEX('MO Store'!D:D,MATCH('Overtime 08 - 13 Apr'!$H9,'MO Store'!$A:$A,0)) -> Anthony Galichet | B9: =INDEX('MO Store'!F:F,MATCH('Overtime 08 - 13 Apr'!$H9,'MO Store'!$A:$A,0)) -> Romio Hamdar | C9: =IFERROR(INDEX('MO Store'!G:G,MATCH('Overtime 08 - 13 Apr'!$H9,'MO Store'!$A:$A,0)),"") -> Carlos Ayala-Level Up | D9: =INDEX('MO Store'!E:E,MATCH('Overtime 08 - 13 Apr'!$H9,'MO Store'!$A:$A,0)) -> Brittanie Braggs | E9: =IFERROR(INDEX('MO Store'!H:H,MATCH('Overtime 08 - 13 Apr'!$H9,'MO Store'!$A:$A,0)),"") -> No SEL | F9: =INDEX('MO Store'!B:B,MATCH('Overtime 08 - 13 Apr'!$H9,'MO Store'!$A:$A,0)) -> Houston South West | G9: =INDEX('MO Store'!C:C,MATCH('Overtime 08 - 13 Apr'!$H9,'MO Store'!$A:$A,0)) -> Kingsbridge | H9: 209862 | I9: 04/13/2026 | J9: AXJG | K9: MATIN, KASON | L9: Connectivity Expert | M9: 0.87
A10: =INDEX('MO Store'!D:D,MATCH('Overtime 08 - 13 Apr'!$H10,'MO Store'!$A:$A,0)) -> Anthony Galichet | B10: =INDEX('MO Store'!F:F,MATCH('Overtime 08 - 13 Apr'!$H10,'MO Store'!$A:$A,0)) -> No SD | C10: =IFERROR(INDEX('MO Store'!G:G,MATCH('Overtime 08 - 13 Apr'!$H10,'MO Store'!$A:$A,0)),"") -> Susu Leong | D10: =INDEX('MO Store'!E:E,MATCH('Overtime 08 - 13 Apr'!$H10,'MO Store'!$A:$A,0)) -> Brittanie Braggs | E10: =IFERROR(INDEX('MO Store'!H:H,MATCH('Overtime 08 - 13 Apr'!$H10,'MO Store'!$A:$A,0)),"") -> No SEL | F10: =INDEX('MO Store'!B:B,MATCH('Overtime 08 - 13 Apr'!$H10,'MO Store'!$A:$A,0)) -> Arizona | G10: =INDEX('MO Store'!C:C,MATCH('Overtime 08 - 13 Apr'!$H10,'MO Store'!$A:$A,0)) -> Old Vail Plaza | H10: 222262 | I10: 04/13/2026 | J10: AXS0 | K10: RUDH, DREW ETHAN | L10: Connectivity Expert | M10: 0.26
A11: =INDEX('MO Store'!D:D,MATCH('Overtime 08 - 13 Apr'!$H11,'MO Store'!$A:$A,0)) -> Anthony Galichet | B11: =INDEX('MO Store'!F:F,MATCH('Overtime 08 - 13 Apr'!$H11,'MO Store'!$A:$A,0)) -> Romio Hamdar | C11: =IFERROR(INDEX('MO Store'!G:G,MATCH('Overtime 08 - 13 Apr'!$H11,'MO Store'!$A:$A,0)),"") -> Suhail Ishaq | D11: =INDEX('MO Store'!E:E,MATCH('Overtime 08 - 13 Apr'!$H11,'MO Store'!$A:$A,0)) -> Brittanie Braggs | E11: =IFERROR(INDEX('MO Store'!H:H,MATCH('Overtime 08 - 13 Apr'!$H11,'MO Store'!$A:$A,0)),"") -> No SEL | F11: =INDEX('MO Store'!B:B,MATCH('Overtime 08 - 13 Apr'!$H11,'MO Store'!$A:$A,0)) -> Houston North East | G11: =INDEX('MO Store'!C:C,MATCH('Overtime 08 - 13 Apr'!$H11,'MO Store'!$A:$A,0)) -> Midtown | H11: 176027 | I11: 04/13/2026 | J11: AXAM | K11: SANCHEZ, JOSE ANTONIO | L11: Bilingual Connectivity Expert | M11: 2.31
A12: =INDEX('MO Store'!D:D,MATCH('Overtime 08 - 13 Apr'!$H12,'MO Store'!$A:$A,0)) -> Anthony Galichet | B12: =INDEX('MO Store'!F:F,MATCH('Overtime 08 - 13 Apr'!$H12,'MO Store'!$A:$A,0)) -> Romio Hamdar | C12: =IFERROR(INDEX('MO Store'!G:G,MATCH('Overtime 08 - 13 Apr'!$H12,'MO Store'!$A:$A,0)),"") -> Isreal Gomez- Level Up | D12: =INDEX('MO Store'!E:E,MATCH('Overtime 08 - 13 Apr'!$H12,'MO Store'!$A:$A,0)) -> Brittanie Braggs | E12: =IFERROR(INDEX('MO Store'!H:H,MATCH('Overtime 08 - 13 Apr'!$H12,'MO Store'!$A:$A,0)),"") -> No SEL | F12: =INDEX('MO Store'!B:B,MATCH('Overtime 08 - 13 Apr'!$H12,'MO Store'!$A:$A,0)) -> Houston East | G12: =INDEX('MO Store'!C:C,MATCH('Overtime 08 - 13 Apr'!$H12,'MO Store'!$A:$A,0)) -> Fairmont Pkwy | H12: 209869 | I12: 04/13/2026 | J12: AVIN | K12: VALENCIA, JOSE ANTONIO | L12: Bilingual Store Lead | M12: 8.7
A13: =INDEX('MO Store'!D:D,MATCH('Overtime 08 - 13 Apr'!$H13,'MO Store'!$A:$A,0)) -> Anthony Galichet | B13: =INDEX('MO Store'!F:F,MATCH('Overtime 08 - 13 Apr'!$H13,'MO Store'!$A:$A,0)) -> Romio Hamdar | C13: =IFERROR(INDEX('MO Store'!G:G,MATCH('Overtime 08 - 13 Apr'!$H13,'MO Store'!$A:$A,0)),"") -> Veronica Ramos | D13: =INDEX('MO Store'!E:E,MATCH('Overtime 08 - 13 Apr'!$H13,'MO Store'!$A:$A,0)) -> Brittanie Braggs | E13: =IFERROR(INDEX('MO Store'!H:H,MATCH('Overtime 08 - 13 Apr'!$H13,'MO Store'!$A:$A,0)),"") -> No SEL | F13: =INDEX('MO Store'!B:B,MATCH('Overtime 08 - 13 Apr'!$H13,'MO Store'!$A:$A,0)) -> San Antonio/Laredo | G13: =INDEX('MO Store'!C:C,MATCH('Overtime 08 - 13 Apr'!$H13,'MO Store'!$A:$A,0)) -> San Pedro | H13: 215746 | I13: 04/13/2026 | J13: AXR9 | K13: WILMOTH, NICHOLAS TAYLOR | L13: Bilingual Store Lead | M13: 0.17

Sheet Lab Tracker 08 - 13 Apr
A1: Labour Tracking As of 08 - 13 Apr 2026 | E1: 45630 | F1: 45630 | G1: Total | I1: =SUBTOTAL(9,I3:I67) -> 10061.6 | J1: =SUBTOTAL(9,J3:J67) -> 7112.92 | K1: =SUBTOTAL(9,K3:K67) -> 39.4 | L1: =SUBTOTAL(9,L3:L67) -> 0 | M1: =SUBTOTAL(9,M3:M714) -> 7152.32 | N1: =SUBTOTAL(9,N3:N67) -> 2909.28 | O1: =SUBTOTAL(9,O3:O1048576) -> 0 | P1: =SUBTOTAL(9,P3:P1048576) -> 0 | Q1: =SUBTOTAL(9,Q3:Q1048576) -> 0
A2: Unique ID | B2: Market | C2: Store | D2: VP | E2: SD | F2: TM | G2: Tiers | H2: Dealer Code | I2: Weekly Budgeted HRS | J2: Regular Hours | K2: Overtime Hours | L2: Other Hours | M2: Total Hours | N2: (+ / -) Budgeted Hours | O2: MIS Approved OT | P2: MIS Unapproved OT | Q2: Total OT
A3: 176028 | B3: =_xlfn.IFNA(VLOOKUP(A3,'MO Store'!A:J,2,0),"NA") -> Houston East | C3: =VLOOKUP(A3,'MO Store'!A:J,3,0) -> Falls Creek Humble | D3: =VLOOKUP(A3,'MO Store'!A:J,4,0) -> Anthony Galichet | E3: =VLOOKUP(A3,'MO Store'!A:J,6,0) -> Romio Hamdar | F3: =VLOOKUP(A3,'MO Store'!A:J,7,0) -> Isreal Gomez- Level Up | G3: =VLOOKUP(A3,'MO Store'!A:J,9,0) -> Battleship | H3: =VLOOKUP(A3,'MO Store'!A:J,10,0) -> P9IFS | I3: 175 | J3: 120.35 | K3: 0 | L3: 0 | M3: =SUM(Budgeted_Hrs[[#This Row],[Regular Hours]:[Other Hours ]]) -> 120.35 | N3: =I3-M3 -> 54.65 | O3: 0 | P3: 0 | Q3: =SUM(Budgeted_Hrs[[#This Row],[MIS Approved OT]:[MIS Unapproved OT]]) -> 0
A4: 215661 | B4: =_xlfn.IFNA(VLOOKUP(A4,'MO Store'!A:J,2,0),"NA") -> Houston East | C4: =VLOOKUP(A4,'MO Store'!A:J,3,0) -> Jasper | D4: =VLOOKUP(A4,'MO Store'!A:J,4,0) -> Anthony Galichet | E4: =VLOOKUP(A4,'MO Store'!A:J,6,0) -> Romio Hamdar | F4: =VLOOKUP(A4,'MO Store'!A:J,7,0) -> Isreal Gomez- Level Up | G4: =VLOOKUP(A4,'MO Store'!A:J,9,0) -> Regular | H4: =VLOOKUP(A4,'MO Store'!A:J,10,0) -> 6C0KB | I4: 157 | J4: 48.13 | K4: 0 | L4: 0 | M4: =SUM(Budgeted_Hrs[[#This Row],[Regular Hours]:[Other Hours ]]) -> 48.13 | N4: =I4-M4 -> 108.87 | O4: 0 | P4: 0 | Q4: =SUM(Budgeted_Hrs[[#This Row],[MIS Approved OT]:[MIS Unapproved OT]]) -> 0
A5: 209868 | B5: =_xlfn.IFNA(VLOOKUP(A5,'MO Store'!A:J,2,0),"NA") -> Houston North East | C5: =VLOOKUP(A5,'MO Store'!A:J,3,0) -> Ponderosa Forest | D5: =VLOOKUP(A5,'MO Store'!A:J,4,0) -> Anthony Galichet | E5: =VLOOKUP(A5,'MO Store'!A:J,6,0) -> Romio Hamdar | F5: =VLOOKUP(A5,'MO Store'!A:J,7,0) -> Suhail Ishaq | G5: =VLOOKUP(A5,'MO Store'!A:J,9,0) -> Regular | H5: =VLOOKUP(A5,'MO Store'!A:J,10,0) -> YLXY5 | I5: 157 | J5: 121.27 | K5: 0 | L5: 0 | M5: =SUM(Budgeted_Hrs[[#This Row],[Regular Hours]:[Other Hours ]]) -> 121.27 | N5: =I5-M5 -> 35.73 | O5: 0 | P5: 0 | Q5: =SUM(Budgeted_Hrs[[#This Row],[MIS Approved OT]:[MIS Unapproved OT]]) -> 0
A6: 209869 | B6: =_xlfn.IFNA(VLOOKUP(A6,'MO Store'!A:J,2,0),"NA") -> Houston East | C6: =VLOOKUP(A6,'MO Store'!A:J,3,0) -> Fairmont Pkwy | D6: =VLOOKUP(A6,'MO Store'!A:J,4,0) -> Anthony Galichet | E6: =VLOOKUP(A6,'MO Store'!A:J,6,0) -> Romio Hamdar | F6: =VLOOKUP(A6,'MO Store'!A:J,7,0) -> Isreal Gomez- Level Up | G6: =VLOOKUP(A6,'MO Store'!A:J,9,0) -> Focus | H6: =VLOOKUP(A6,'MO Store'!A:J,10,0) -> C9ZNE | I6: 115 | J6: 53.8 | K6: 8.7 | L6: 0 | M6: =SUM(Budgeted_Hrs[[#This Row],[Regular Hours]:[Other Hours ]]) -> 62.5 | N6: =I6-M6 -> 52.5 | O6: 0 | P6: 0 | Q6: =SUM(Budgeted_Hrs[[#This Row],[MIS Approved OT]:[MIS Unapproved OT]]) -> 0
A7: 209870 | B7: =_xlfn.IFNA(VLOOKUP(A7,'MO Store'!A:J,2,0),"NA") -> Houston East | C7: =VLOOKUP(A7,'MO Store'!A:J,3,0) -> Deer Park | D7: =VLOOKUP(A7,'MO Store'!A:J,4,0) -> Anthony Galichet | E7: =VLOOKUP(A7,'MO Store'!A:J,6,0) -> Romio Hamdar | F7: =VLOOKUP(A7,'MO Store'!A:J,7,0) -> Isreal Gomez- Level Up | G7: =VLOOKUP(A7,'MO Store'!A:J,9,0) -> Regular | H7: =VLOOKUP(A7,'MO Store'!A:J,10,0) -> B2073 | I7: 105 | J7: 83.63 | K7: 12.47 | L7: 0 | M7: =SUM(Budgeted_Hrs[[#This Row],[Regular Hours]:[Other Hours ]]) -> 96.1 | N7: =I7-M7 -> 8.9 | O7: 0 | P7: 0 | Q7: =SUM(Budgeted_Hrs[[#This Row],[MIS Approved OT]:[MIS Unapproved OT]]) -> 0
A8: 217138 | B8: =_xlfn.IFNA(VLOOKUP(A8,'MO Store'!A:J,2,0),"NA") -> Houston South West | C8: =VLOOKUP(A8,'MO Store'!A:J,3,0) -> Little York Rd | D8: =VLOOKUP(A8,'MO Store'!A:J,4,0) -> Anthony Galichet | E8: =VLOOKUP(A8,'MO Store'!A:J,6,0) -> Romio Hamdar | F8: =VLOOKUP(A8,'MO Store'!A:J,7,0) -> Carlos Ayala-Level Up | G8: =VLOOKUP(A8,'MO Store'!A:J,9,0) -> Regular | H8: =VLOOKUP(A8,'MO Store'!A:J,10,0) -> 7ZLZ7 | I8: 157 | J8: 103.08 | K8: 0 | L8: 0 | M8: =SUM(Budgeted_Hrs[[#This Row],[Regular Hours]:[Other Hours ]]) -> 103.08 | N8: =I8-M8 -> 53.92 | O8: 0 | P8: 0 | Q8: =SUM(Budgeted_Hrs[[#This Row],[MIS Approved OT]:[MIS Unapproved OT]]) -> 0
A9: 174112 | B9: =_xlfn.IFNA(VLOOKUP(A9,'MO Store'!A:J,2,0),"NA") -> Houston South West | C9: =VLOOKUP(A9,'MO Store'!A:J,3,0) -> Rice Ave | D9: =VLOOKUP(A9,'MO Store'!A:J,4,0) -> Anthony Galichet | E9: =VLOOKUP(A9,'MO Store'!A:J,6,0) -> Romio Hamdar | F9: =VLOOKUP(A9,'MO Store'!A:J,7,0) -> Carlos Ayala-Level Up | G9: =VLOOKUP(A9,'MO Store'!A:J,9,0) -> Regular | H9: =VLOOKUP(A9,'MO Store'!A:J,10,0) -> 6V54M | I9: 140 | J9: 111.76 | K9: 0 | L9: 0 | M9: =SUM(Budgeted_Hrs[[#This Row],[Regular Hours]:[Other Hours ]]) -> 111.76 | N9: =I9-M9 -> 28.24 | O9: 0 | P9: 0 | Q9: =SUM(Budgeted_Hrs[[#This Row],[MIS Approved OT]:[MIS Unapproved OT]]) -> 0
A10: 209865 | B10: =_xlfn.IFNA(VLOOKUP(A10,'MO Store'!A:J,2,0),"NA") -> Houston North East | C10: =VLOOKUP(A10,'MO Store'!A:J,3,0) -> Antoine Town Center | D10: =VLOOKUP(A10,'MO Store'!A:J,4,0) -> Anthony Galichet | E10: =VLOOKUP(A10,'MO Store'!A:J,6,0) -> Romio Hamdar | F10: =VLOOKUP(A10,'MO Store'!A:J,7,0) -> Suhail Ishaq | G10: =VLOOKUP(A10,'MO Store'!A:J,9,0) -> Regular | H10: =VLOOKUP(A10,'MO Store'!A:J,10,0) -> GUOUA | I10: 180 | J10: 115.54 | K10: 0 | L10: 0 | M10: =SUM(Budgeted_Hrs[[#This Row],[Regular Hours]:[Other Hours ]]) -> 115.54 | N10: =I10-M10 -> 64.46 | O10: 0 | P10: 0 | Q10: =SUM(Budgeted_Hrs[[#This Row],[MIS Approved OT]:[MIS Unapproved OT]]) -> 0
A11: 174113 | B11: =_xlfn.IFNA(VLOOKUP(A11,'MO Store'!A:J,2,0),"NA") -> Houston North East | C11: =VLOOKUP(A11,'MO Store'!A:J,3,0) -> Missouri City | D11: =VLOOKUP(A11,'MO Store'!A:J,4,0) -> Anthony Galichet | E11: =VLOOKUP(A11,'MO Store'!A:J,6,0) -> Romio Hamdar | F11: =VLOOKUP(A11,'MO Store'!A:J,7,0) -> Suhail Ishaq | G11: =VLOOKUP(A11,'MO Store'!A:J,9,0) -> Regular | H11: =VLOOKUP(A11,'MO Store'!A:J,10,0) -> 2SFXX | I11: 140 | J11: 75.52 | K11: 0 | L11: 0 | M11: =SUM(Budgeted_Hrs[[#This Row],[Regular Hours]:[Other Hours ]]) -> 75.52 | N11: =I11-M11 -> 64.48 | O11: 0 | P11: 0 | Q11: =SUM(Budgeted_Hrs[[#This Row],[MIS Approved OT]:[MIS Unapproved OT]]) -> 0
A12: 176027 | B12: =_xlfn.IFNA(VLOOKUP(A12,'MO Store'!A:J,2,0),"NA") -> Houston North East | C12: =VLOOKUP(A12,'MO Store'!A:J,3,0) -> Midtown | D12: =VLOOKUP(A12,'MO Store'!A:J,4,0) -> Anthony Galichet | E12: =VLOOKUP(A12,'MO Store'!A:J,6,0) -> Romio Hamdar | F12: =VLOOKUP(A12,'MO Store'!A:J,7,0) -> Suhail Ishaq | G12: =VLOOKUP(A12,'MO Store'!A:J,9,0) -> Battleship | H12: =VLOOKUP(A12,'MO Store'!A:J,10,0) -> CN32O | I12: 157 | J12: 62.6 | K12: 2.31 | L12: 0 | M12: =SUM(Budgeted_Hrs[[#This Row],[Regular Hours]:[Other Hours ]]) -> 64.91 | N12: =I12-M12 -> 92.09 | O12: 0 | P12: 0 | Q12: =SUM(Budgeted_Hrs[[#This Row],[MIS Approved OT]:[MIS Unapproved OT]]) -> 0
A13: 174110 | B13: =_xlfn.IFNA(VLOOKUP(A13,'MO Store'!A:J,2,0),"NA") -> Houston North East | C13: =VLOOKUP(A13,'MO Store'!A:J,3,0) -> Richmond (River Park) | D13: =VLOOKUP(A13,'MO Store'!A:J,4,0) -> Anthony Galichet | E13: =VLOOKUP(A13,'MO Store'!A:J,6,0) -> Romio Hamdar | F13: =VLOOKUP(A13,'MO Store'!A:J,7,0) -> Suhail Ishaq | G13: =VLOOKUP(A13,'MO Store'!A:J,9,0) -> Regular | H13: =VLOOKUP(A13,'MO Store'!A:J,10,0) -> CW6TF | I13: 110 | J13: 120.05 | K13: 0 | L13: 0 | M13: =SUM(Budgeted_Hrs[[#This Row],[Regular Hours]:[Other Hours ]]) -> 120.05 | N13: =I13-M13 -> -10.05 | O13: 0 | P13: 0 | Q13: =SUM(Budgeted_Hrs[[#This Row],[MIS Approved OT]:[MIS Unapproved OT]]) -> 0
A14: 219200 | B14: =_xlfn.IFNA(VLOOKUP(A14,'MO Store'!A:J,2,0),"NA") -> Houston North East | C14: =VLOOKUP(A14,'MO Store'!A:J,3,0) -> Rosenberg | D14: =VLOOKUP(A14,'MO Store'!A:J,4,0) -> Anthony Galichet | E14: =VLOOKUP(A14,'MO Store'!A:J,6,0) -> Romio Hamdar | F14: =VLOOKUP(A14,'MO Store'!A:J,7,0) -> Suhail Ishaq | G14: =VLOOKUP(A14,'MO Store'!A:J,9,0) -> Focus | H14: =VLOOKUP(A14,'MO Store'!A:J,10,0) -> UPT8M | I14: 140 | J14: 76.86 | K14: 0 | L14: 0 | M14: =SUM(Budgeted_Hrs[[#This Row],[Regular Hours]:[Other Hours ]]) -> 76.86 | N14: =I14-M14 -> 63.14 | O14: 0 | P14: 0 | Q14: =SUM(Budgeted_Hrs[[#This Row],[MIS Approved OT]:[MIS Unapproved OT]]) -> 0
... A67: 155061 | B67: =_xlfn.IFNA(VLOOKUP(A67,'MO Store'!A:J,2,0),"NA") -> Arizona | C67: =VLOOKUP(A67,'MO Store'!A:J,3,0) -> Tucson Speedway | D67: =VLOOKUP(A67,'MO Store'!A:J,4,0) -> Anthony Galichet | E67: =VLOOKUP(A67,'MO Store'!A:J,6,0) -> No SD | F67: =VLOOKUP(A67,'MO Store'!A:J,7,0) -> Susu Leong | G67: =VLOOKUP(A67,'MO Store'!A:J,9,0) -> Regular | H67: =VLOOKUP(A67,'MO Store'!A:J,10,0) -> AEPR6 | I67: 105 | J67: 96.91 | K67: 0 | L67: 0 | M67: =SUM(Budgeted_Hrs[[#This Row],[Regular Hours]:[Other Hours ]]) -> 96.91 | N67: =I67-M67 -> 8.09 | O67: 0 | P67: 0 | Q67: =SUM(Budgeted_Hrs[[#This Row],[MIS Approved OT]:[MIS Unapproved OT]]) -> 0

Sheet Approaching OT
A1: Approaching OT of Employees for the period 08 - 13 Apr 2025 | M1: =SUBTOTAL(9,M4:M1630) -> 7152.32 | N1: =SUBTOTAL(9,N164:N1048576) -> 0 | O1: =SUBTOTAL(9,O4:O1048576) -> 0 | P1: =SUBTOTAL(9,P4:P1048576) -> 0
A3: Market | B3: Store | C3: VP | D3: SD | E3: TM | F3: HRBP | G3: Tier | H3: ID | I3: Employee Name | J3: Role | K3: UID | L3: Approaching OT | M3: Total Hours | N3: MIS Approved OT | O3: MIS Unapproved OT | P3: Total OT
A4: =INDEX('MO Store'!B:B,MATCH($K4,'MO Store'!$A:$A,0)) -> Houston North East | B4: =INDEX('MO Store'!C:C,MATCH($K4,'MO Store'!$A:$A,0)) -> Texas City | C4: =INDEX('MO Store'!D:D,MATCH($K4,'MO Store'!$A:$A,0)) -> Anthony Galichet | D4: =INDEX('MO Store'!F:F,MATCH($K4,'MO Store'!$A:$A,0)) -> Romio Hamdar | E4: =INDEX('MO Store'!G:G,MATCH($K4,'MO Store'!$A:$A,0)) -> Suhail Ishaq | F4: =INDEX('MO Store'!E:E,MATCH($K4,'MO Store'!$A:$A,0)) -> Brittanie Braggs | G4: =INDEX('MO Store'!I:I,MATCH($K4,'MO Store'!$A:$A,0)) -> Regular | H4: A00P | I4: SEGUN AJALA | J4: HRSM | K4: 180413 | L4: =IF(M4>35,"Yes","No") -> Yes | M4: 38.21 | N4: 0 | O4: 0 | P4: =SUM(N4:O4) -> 0
A5: =INDEX('MO Store'!B:B,MATCH($K5,'MO Store'!$A:$A,0)) -> Houston South West | B5: =INDEX('MO Store'!C:C,MATCH($K5,'MO Store'!$A:$A,0)) -> Presidio | C5: =INDEX('MO Store'!D:D,MATCH($K5,'MO Store'!$A:$A,0)) -> Anthony Galichet | D5: =INDEX('MO Store'!F:F,MATCH($K5,'MO Store'!$A:$A,0)) -> Romio Hamdar | E5: =INDEX('MO Store'!G:G,MATCH($K5,'MO Store'!$A:$A,0)) -> Carlos Ayala-Level Up | F5: =INDEX('MO Store'!E:E,MATCH($K5,'MO Store'!$A:$A,0)) -> Brittanie Braggs | G5: =INDEX('MO Store'!I:I,MATCH($K5,'MO Store'!$A:$A,0)) -> Regular | H5: AWQU | I5: GIANNI ALANIZ | J5: BCE | K5: 211049 | L5: =IF(M5>35,"Yes","No") -> Yes | M5: 38.65 | N5: 0 | O5: 0 | P5: =SUM(N5:O5) -> 0
A6: =INDEX('MO Store'!B:B,MATCH($K6,'MO Store'!$A:$A,0)) -> Austin | B6: =INDEX('MO Store'!C:C,MATCH($K6,'MO Store'!$A:$A,0)) -> OLTORF | C6: =INDEX('MO Store'!D:D,MATCH($K6,'MO Store'!$A:$A,0)) -> Anthony Galichet | D6: =INDEX('MO Store'!F:F,MATCH($K6,'MO Store'!$A:$A,0)) -> Romio Hamdar | E6: =INDEX('MO Store'!G:G,MATCH($K6,'MO Store'!$A:$A,0)) -> Austin TM | F6: =INDEX('MO Store'!E:E,MATCH($K6,'MO Store'!$A:$A,0)) -> Brittanie Braggs | G6: =INDEX('MO Store'!I:I,MATCH($K6,'MO Store'!$A:$A,0)) -> Regular | H6: AWT2 | I6: SAHIRA ARROYO | J6: BCE | K6: 176020 | L6: =IF(M6>35,"Yes","No") -> Yes | M6: 44.88 | N6: 0 | O6: 0 | P6: =SUM(N6:O6) -> 0
A7: =INDEX('MO Store'!B:B,MATCH($K7,'MO Store'!$A:$A,0)) -> Arizona | B7: =INDEX('MO Store'!C:C,MATCH($K7,'MO Store'!$A:$A,0)) -> The Groves | C7: =INDEX('MO Store'!D:D,MATCH($K7,'MO Store'!$A:$A,0)) -> Anthony Galichet | D7: =INDEX('MO Store'!F:F,MATCH($K7,'MO Store'!$A:$A,0)) -> No SD | E7: =INDEX('MO Store'!G:G,MATCH($K7,'MO Store'!$A:$A,0)) -> Susu Leong | F7: =INDEX('MO Store'!E:E,MATCH($K7,'MO Store'!$A:$A,0)) -> Brittanie Braggs | G7: =INDEX('MO Store'!I:I,MATCH($K7,'MO Store'!$A:$A,0)) -> Regular | H7: AXH7 | I7: ADAN BARAHONA | J7: BCE | K7: 211579 | L7: =IF(M7>35,"Yes","No") -> Yes | M7: 48.74 | N7: 0 | O7: 0 | P7: =SUM(N7:O7) -> 0
A8: =INDEX('MO Store'!B:B,MATCH($K8,'MO Store'!$A:$A,0)) -> Houston South West | B8: =INDEX('MO Store'!C:C,MATCH($K8,'MO Store'!$A:$A,0)) -> Kingsbridge | C8: =INDEX('MO Store'!D:D,MATCH($K8,'MO Store'!$A:$A,0)) -> Anthony Galichet | D8: =INDEX('MO Store'!F:F,MATCH($K8,'MO Store'!$A:$A,0)) -> Romio Hamdar | E8: =INDEX('MO Store'!G:G,MATCH($K8,'MO Store'!$A:$A,0)) -> Carlos Ayala-Level Up | F8: =INDEX('MO Store'!E:E,MATCH($K8,'MO Store'!$A:$A,0)) -> Brittanie Braggs | G8: =INDEX('MO Store'!I:I,MATCH($K8,'MO Store'!$A:$A,0)) -> Regular | H8: A047 | I8: JENNIFER BERMUDEZ GILCES | J8: CE | K8: 209862 | L8: =IF(M8>35,"Yes","No") -> Yes | M8: 35.61 | N8: 0 | O8: 0 | P8: =SUM(N8:O8) -> 0
A9: =INDEX('MO Store'!B:B,MATCH($K9,'MO Store'!$A:$A,0)) -> Colorado | B9: =INDEX('MO Store'!C:C,MATCH($K9,'MO Store'!$A:$A,0)) -> Fountain MESA ROAD | C9: =INDEX('MO Store'!D:D,MATCH($K9,'MO Store'!$A:$A,0)) -> Anthony Galichet | D9: =INDEX('MO Store'!F:F,MATCH($K9,'MO Store'!$A:$A,0)) -> Romio Hamdar | E9: =INDEX('MO Store'!G:G,MATCH($K9,'MO Store'!$A:$A,0)) -> Colorado Market - No TM | F9: =INDEX('MO Store'!E:E,MATCH($K9,'MO Store'!$A:$A,0)) -> Brittanie Braggs | G9: =INDEX('MO Store'!I:I,MATCH($K9,'MO Store'!$A:$A,0)) -> Battleship | H9: A071 | I9: CAMERON CARR | J9: CE | K9: 178719 | L9: =IF(M9>35,"Yes","No") -> Yes | M9: 37.73 | N9: 0 | O9: 0 | P9: =SUM(N9:O9) -> 0
A10: =INDEX('MO Store'!B:B,MATCH($K10,'MO Store'!$A:$A,0)) -> Austin | B10: =INDEX('MO Store'!C:C,MATCH($K10,'MO Store'!$A:$A,0)) -> Rutland | C10: =INDEX('MO Store'!D:D,MATCH($K10,'MO Store'!$A:$A,0)) -> Anthony Galichet | D10: =INDEX('MO Store'!F:F,MATCH($K10,'MO Store'!$A:$A,0)) -> Romio Hamdar | E10: =INDEX('MO Store'!G:G,MATCH($K10,'MO Store'!$A:$A,0)) -> Austin TM | F10: =INDEX('MO Store'!E:E,MATCH($K10,'MO Store'!$A:$A,0)) -> Brittanie Braggs | G10: =INDEX('MO Store'!I:I,MATCH($K10,'MO Store'!$A:$A,0)) -> Regular | H10: AXGA | I10: MARÃA CARRILLO | J10: BCE | K10: 152336 | L10: =IF(M10>35,"Yes","No") -> Yes | M10: 39.62 | N10: 0 | O10: 0 | P10: =SUM(N10:O10) -> 0
A11: =INDEX('MO Store'!B:B,MATCH($K11,'MO Store'!$A:$A,0)) -> San Antonio/Laredo | B11: =INDEX('MO Store'!C:C,MATCH($K11,'MO Store'!$A:$A,0)) -> EAGLE PASS | C11: =INDEX('MO Store'!D:D,MATCH($K11,'MO Store'!$A:$A,0)) -> Anthony Galichet | D11: =INDEX('MO Store'!F:F,MATCH($K11,'MO Store'!$A:$A,0)) -> Romio Hamdar | E11: =INDEX('MO Store'!G:G,MATCH($K11,'MO Store'!$A:$A,0)) -> Veronica Ramos | F11: =INDEX('MO Store'!E:E,MATCH($K11,'MO Store'!$A:$A,0)) -> Brittanie Braggs | G11: =INDEX('MO Store'!I:I,MATCH($K11,'MO Store'!$A:$A,0)) -> Flagship | H11: ARCY | I11: ESMERALDA GALVAN | J11: BCE | K11: 207753 | L11: =IF(M11>35,"Yes","No") -> Yes | M11: 36.72 | N11: 0 | O11: 0 | P11: =SUM(N11:O11) -> 0
A12: =INDEX('MO Store'!B:B,MATCH($K12,'MO Store'!$A:$A,0)) -> Houston East | B12: =INDEX('MO Store'!C:C,MATCH($K12,'MO Store'!$A:$A,0)) -> Deer Park | C12: =INDEX('MO Store'!D:D,MATCH($K12,'MO Store'!$A:$A,0)) -> Anthony Galichet | D12: =INDEX('MO Store'!F:F,MATCH($K12,'MO Store'!$A:$A,0)) -> Romio Hamdar | E12: =INDEX('MO Store'!G:G,MATCH($K12,'MO Store'!$A:$A,0)) -> Isreal Gomez- Level Up | F12: =INDEX('MO Store'!E:E,MATCH($K12,'MO Store'!$A:$A,0)) -> Brittanie Braggs | G12: =INDEX('MO Store'!I:I,MATCH($K12,'MO Store'!$A:$A,0)) -> Regular | H12: AXL5 | I12: STEVEN GARCIA | J12: HRSM | K12: 209870 | L12: =IF(M12>35,"Yes","No") -> Yes | M12: 52.47 | N12: 0 | O12: 0 | P12: =SUM(N12:O12) -> 0
A13: =INDEX('MO Store'!B:B,MATCH($K13,'MO Store'!$A:$A,0)) -> North Carolina | B13: =INDEX('MO Store'!C:C,MATCH($K13,'MO Store'!$A:$A,0)) -> Mocksville | C13: =INDEX('MO Store'!D:D,MATCH($K13,'MO Store'!$A:$A,0)) -> Anthony Galichet | D13: =INDEX('MO Store'!F:F,MATCH($K13,'MO Store'!$A:$A,0)) -> No SD | E13: =INDEX('MO Store'!G:G,MATCH($K13,'MO Store'!$A:$A,0)) -> North Carolina Market - No TM | F13: =INDEX('MO Store'!E:E,MATCH($K13,'MO Store'!$A:$A,0)) -> Brittanie Braggs | G13: =INDEX('MO Store'!I:I,MATCH($K13,'MO Store'!$A:$A,0)) -> Focus | H13: AXPM | I13: DENISE GLASPIE | J13: CE | K13: 221882 | L13: =IF(M13>35,"Yes","No") -> Yes | M13: 35.21 | N13: 0 | O13: 0 | P13: =SUM(N13:O13) -> 0
A14: =INDEX('MO Store'!B:B,MATCH($K14,'MO Store'!$A:$A,0)) -> North Carolina | B14: =INDEX('MO Store'!C:C,MATCH($K14,'MO Store'!$A:$A,0)) -> Durham | C14: =INDEX('MO Store'!D:D,MATCH($K14,'MO Store'!$A:$A,0)) -> Anthony Galichet | D14: =INDEX('MO Store'!F:F,MATCH($K14,'MO Store'!$A:$A,0)) -> No SD | E14: =INDEX('MO Store'!G:G,MATCH($K14,'MO Store'!$A:$A,0)) -> North Carolina Market - No TM | F14: =INDEX('MO Store'!E:E,MATCH($K14,'MO Store'!$A:$A,0)) -> Brittanie Braggs | G14: =INDEX('MO Store'!I:I,MATCH($K14,'MO Store'!$A:$A,0)) -> Regular | H14: ATXI | I14: EDSON GUERRERO VELASQUEZ | J14: HBRSM | K14: 216129 | L14: =IF(M14>35,"Yes","No") -> Yes | M14: 38.83 | N14: 0 | O14: 0 | P14: =SUM(N14:O14) -> 0
A15: =INDEX('MO Store'!B:B,MATCH($K15,'MO Store'!$A:$A,0)) -> San Antonio/Laredo | B15: =INDEX('MO Store'!C:C,MATCH($K15,'MO Store'!$A:$A,0)) -> Wurzbach Road | C15: =INDEX('MO Store'!D:D,MATCH($K15,'MO Store'!$A:$A,0)) -> Anthony Galichet | D15: =INDEX('MO Store'!F:F,MATCH($K15,'MO Store'!$A:$A,0)) -> Romio Hamdar | E15: =INDEX('MO Store'!G:G,MATCH($K15,'MO Store'!$A:$A,0)) -> Veronica Ramos | F15: =INDEX('MO Store'!E:E,MATCH($K15,'MO Store'!$A:$A,0)) -> Brittanie Braggs | G15: =INDEX('MO Store'!I:I,MATCH($K15,'MO Store'!$A:$A,0)) -> Battleship | H15: AV3X | I15: HAILEY GUSTAMANTE | J15: BCE | K15: 215745 | L15: =IF(M15>35,"Yes","No") -> Yes | M15: 38.72 | N15: 0 | O15: 0 | P15: =SUM(N15:O15) -> 0
... A24: =INDEX('MO Store'!B:B,MATCH($K24,'MO Store'!$A:$A,0)) -> San Antonio/Laredo | B24: =INDEX('MO Store'!C:C,MATCH($K24,'MO Store'!$A:$A,0)) -> LAREDO PLANTATION CENTRE | C24: =INDEX('MO Store'!D:D,MATCH($K24,'MO Store'!$A:$A,0)) -> Anthony Galichet | D24: =INDEX('MO Store'!F:F,MATCH($K24,'MO Store'!$A:$A,0)) -> Romio Hamdar | E24: =INDEX('MO Store'!G:G,MATCH($K24,'MO Store'!$A:$A,0)) -> Veronica Ramos | F24: =INDEX('MO Store'!E:E,MATCH($K24,'MO Store'!$A:$A,0)) -> Brittanie Braggs | G24: =INDEX('MO Store'!I:I,MATCH($K24,'MO Store'!$A:$A,0)) -> Flagship | H24: AVTW | I24: KAYLA PEREZ | J24: BCE | K24: 207752 | L24: =IF(M24>35,"Yes","No") -> Yes | M24: 37.59 | N24: 0 | O24: 0 | P24: =SUM(N24:O24) -> 0
A25: =INDEX('MO Store'!B:B,MATCH($K25,'MO Store'!$A:$A,0)) -> San Antonio/Laredo | B25: =INDEX('MO Store'!C:C,MATCH($K25,'MO Store'!$A:$A,0)) -> Laredo Crossing | C25: =INDEX('MO Store'!D:D,MATCH($K25,'MO Store'!$A:$A,0)) -> Anthony Galichet | D25: =INDEX('MO Store'!F:F,MATCH($K25,'MO Store'!$A:$A,0)) -> Romio Hamdar | E25: =INDEX('MO Store'!G:G,MATCH($K25,'MO Store'!$A:$A,0)) -> Veronica Ramos | F25: =INDEX('MO Store'!E:E,MATCH($K25,'MO Store'!$A:$A,0)) -> Brittanie Braggs | G25: Closed | H25: AXF1 | I25: MARTIN ROMERO | J25: BCE | K25: 174067 | L25: =IF(M25>35,"Yes","No") -> Yes | M25: 37.91 | N25: 0 | O25: 0 | P25: =SUM(N25:O25) -> 0
A26: =INDEX('MO Store'!B:B,MATCH($K26,'MO Store'!$A:$A,0)) -> Arizona | B26: =INDEX('MO Store'!C:C,MATCH($K26,'MO Store'!$A:$A,0)) -> Old Vail Plaza | C26: =INDEX('MO Store'!D:D,MATCH($K26,'MO Store'!$A:$A,0)) -> Anthony Galichet | D26: =INDEX('MO Store'!F:F,MATCH($K26,'MO Store'!$A:$A,0)) -> No SD | E26: =INDEX('MO Store'!G:G,MATCH($K26,'MO Store'!$A:$A,0)) -> Susu Leong | F26: =INDEX('MO Store'!E:E,MATCH($K26,'MO Store'!$A:$A,0)) -> Brittanie Braggs | G26: =INDEX('MO Store'!I:I,MATCH($K26,'MO Store'!$A:$A,0)) -> Regular | H26: AXS0 | I26: DREW RUDH | J26: CE | K26: 222262 | L26: =IF(M26>35,"Yes","No") -> Yes | M26: 40.26 | N26: 0 | O26: 0 | P26: =SUM(N26:O26) -> 0
A27: =INDEX('MO Store'!B:B,MATCH($K27,'MO Store'!$A:$A,0)) -> Houston North East | B27: =INDEX('MO Store'!C:C,MATCH($K27,'MO Store'!$A:$A,0)) -> Midtown | C27: =INDEX('MO Store'!D:D,MATCH($K27,'MO Store'!$A:$A,0)) -> Anthony Galichet | D27: =INDEX('MO Store'!F:F,MATCH($K27,'MO Store'!$A:$A,0)) -> Romio Hamdar | E27: =INDEX('MO Store'!G:G,MATCH($K27,'MO Store'!$A:$A,0)) -> Suhail Ishaq | F27: =INDEX('MO Store'!E:E,MATCH($K27,'MO Store'!$A:$A,0)) -> Brittanie Braggs | G27: =INDEX('MO Store'!I:I,MATCH($K27,'MO Store'!$A:$A,0)) -> Battleship | H27: AXAM | I27: JOSE SANCHEZ | J27: BCE | K27: 176027 | L27: =IF(M27>35,"Yes","No") -> Yes | M27: 42.31 | N27: 0 | O27: 0 | P27: =SUM(N27:O27) -> 0
A28: =INDEX('MO Store'!B:B,MATCH($K28,'MO Store'!$A:$A,0)) -> Houston North East | B28: =INDEX('MO Store'!C:C,MATCH($K28,'MO Store'!$A:$A,0)) -> Rosenberg | C28: =INDEX('MO Store'!D:D,MATCH($K28,'MO Store'!$A:$A,0)) -> Anthony Galichet | D28: =INDEX('MO Store'!F:F,MATCH($K28,'MO Store'!$A:$A,0)) -> Romio Hamdar | E28: =INDEX('MO Store'!G:G,MATCH($K28,'MO Store'!$A:$A,0)) -> Suhail Ishaq | F28: =INDEX('MO Store'!E:E,MATCH($K28,'MO Store'!$A:$A,0)) -> Brittanie Braggs | G28: =INDEX('MO Store'!I:I,MATCH($K28,'MO Store'!$A:$A,0)) -> Focus | H28: AX8O | I28: MODOU SANYANG | J28: BCE | K28: 219200 | L28: =IF(M28>35,"Yes","No") -> Yes | M28: 36.06 | N28: 0 | O28: 0 | P28: =SUM(N28:O28) -> 0
A29: =INDEX('MO Store'!B:B,MATCH($K29,'MO Store'!$A:$A,0)) -> Houston South West | B29: =INDEX('MO Store'!C:C,MATCH($K29,'MO Store'!$A:$A,0)) -> The Grid | C29: =INDEX('MO Store'!D:D,MATCH($K29,'MO Store'!$A:$A,0)) -> Anthony Galichet | D29: =INDEX('MO Store'!F:F,MATCH($K29,'MO Store'!$A:$A,0)) -> Romio Hamdar | E29: =INDEX('MO Store'!G:G,MATCH($K29,'MO Store'!$A:$A,0)) -> Carlos Ayala-Level Up | F29: =INDEX('MO Store'!E:E,MATCH($K29,'MO Store'!$A:$A,0)) -> Brittanie Braggs | G29: =INDEX('MO Store'!I:I,MATCH($K29,'MO Store'!$A:$A,0)) -> Battleship | H29: ARAV | I29: DIEGO VILLALPANDO | J29: BCE | K29: 209858 | L29: =IF(M29>35,"Yes","No") -> Yes | M29: 39.61 | N29: 0 | O29: 0 | P29: =SUM(N29:O29) -> 0
A30: =INDEX('MO Store'!B:B,MATCH($K30,'MO Store'!$A:$A,0)) -> San Antonio/Laredo | B30: =INDEX('MO Store'!C:C,MATCH($K30,'MO Store'!$A:$A,0)) -> San Pedro | C30: =INDEX('MO Store'!D:D,MATCH($K30,'MO Store'!$A:$A,0)) -> Anthony Galichet | D30: =INDEX('MO Store'!F:F,MATCH($K30,'MO Store'!$A:$A,0)) -> Romio Hamdar | E30: =INDEX('MO Store'!G:G,MATCH($K30,'MO Store'!$A:$A,0)) -> Veronica Ramos | F30: =INDEX('MO Store'!E:E,MATCH($K30,'MO Store'!$A:$A,0)) -> Brittanie Braggs | G30: =INDEX('MO Store'!I:I,MATCH($K30,'MO Store'!$A:$A,0)) -> Flagship | H30: AXR9 | I30: NICHOLAS WILMOTH | J30: BSL | K30: 215746 | L30: =IF(M30>35,"Yes","No") -> Yes | M30: 40.17 | N30: 0 | O30: 0 | P30: =SUM(N30:O30) -> 0
A31: =INDEX('MO Store'!B:B,MATCH($K31,'MO Store'!$A:$A,0)) -> Houston South West | B31: =INDEX('MO Store'!C:C,MATCH($K31,'MO Store'!$A:$A,0)) -> Memorial Dr | C31: =INDEX('MO Store'!D:D,MATCH($K31,'MO Store'!$A:$A,0)) -> Anthony Galichet | D31: =INDEX('MO Store'!F:F,MATCH($K31,'MO Store'!$A:$A,0)) -> Romio Hamdar | E31: =INDEX('MO Store'!G:G,MATCH($K31,'MO Store'!$A:$A,0)) -> Carlos Ayala-Level Up | F31: =INDEX('MO Store'!E:E,MATCH($K31,'MO Store'!$A:$A,0)) -> Brittanie Braggs | G31: =INDEX('MO Store'!I:I,MATCH($K31,'MO Store'!$A:$A,0)) -> Regular | H31: A1HT | I31: GUILLERMO ZENTENO GUMUCIO | J31: BCE | K31: 213409 | L31: =IF(M31>35,"Yes","No") -> Yes | M31: 36.43 | N31: 0 | O31: 0 | P31: =SUM(N31:O31) -> 0
A32: =INDEX('MO Store'!B:B,MATCH($K32,'MO Store'!$A:$A,0)) -> San Antonio/Laredo | B32: =INDEX('MO Store'!C:C,MATCH($K32,'MO Store'!$A:$A,0)) -> EAGLE PASS | C32: =INDEX('MO Store'!D:D,MATCH($K32,'MO Store'!$A:$A,0)) -> Anthony Galichet | D32: =INDEX('MO Store'!F:F,MATCH($K32,'MO Store'!$A:$A,0)) -> Romio Hamdar | E32: =INDEX('MO Store'!G:G,MATCH($K32,'MO Store'!$A:$A,0)) -> Veronica Ramos | F32: =INDEX('MO Store'!E:E,MATCH($K32,'MO Store'!$A:$A,0)) -> Brittanie Braggs | G32: =INDEX('MO Store'!I:I,MATCH($K32,'MO Store'!$A:$A,0)) -> Flagship | H32: AR9H | I32: STEPHANIE GONZALEZ | J32: BCE | K32: 207753 | L32: =IF(M32>35,"Yes","No") -> Yes | M32: 35.34 | N32: 0 | O32: 0 | P32: =SUM(N32:O32) -> 0
A33: =INDEX('MO Store'!B:B,MATCH($K33,'MO Store'!$A:$A,0)) -> Houston North East | B33: =INDEX('MO Store'!C:C,MATCH($K33,'MO Store'!$A:$A,0)) -> Richmond (River Park) | C33: =INDEX('MO Store'!D:D,MATCH($K33,'MO Store'!$A:$A,0)) -> Anthony Galichet | D33: =INDEX('MO Store'!F:F,MATCH($K33,'MO Store'!$A:$A,0)) -> Romio Hamdar | E33: =INDEX('MO Store'!G:G,MATCH($K33,'MO Store'!$A:$A,0)) -> Suhail Ishaq | F33: =INDEX('MO Store'!E:E,MATCH($K33,'MO Store'!$A:$A,0)) -> Brittanie Braggs | G33: =INDEX('MO Store'!I:I,MATCH($K33,'MO Store'!$A:$A,0)) -> Regular | H33: AWDG | I33: RAYN KAREDIA | J33: CE | K33: 174110 | L33: =IF(M33>35,"Yes","No") -> Yes | M33: 36.68 | N33: 0 | O33: 0 | P33: =SUM(N33:O33) -> 0
A34: =INDEX('MO Store'!B:B,MATCH($K34,'MO Store'!$A:$A,0)) -> Houston North East | B34: =INDEX('MO Store'!C:C,MATCH($K34,'MO Store'!$A:$A,0)) -> Antoine Town Center | C34: =INDEX('MO Store'!D:D,MATCH($K34,'MO Store'!$A:$A,0)) -> Anthony Galichet | D34: =INDEX('MO Store'!F:F,MATCH($K34,'MO Store'!$A:$A,0)) -> Romio Hamdar | E34: =INDEX('MO Store'!G:G,MATCH($K34,'MO Store'!$A:$A,0)) -> Suhail Ishaq | F34: =INDEX('MO Store'!E:E,MATCH($K34,'MO Store'!$A:$A,0)) -> Brittanie Braggs | G34: =INDEX('MO Store'!I:I,MATCH($K34,'MO Store'!$A:$A,0)) -> Regular | H34: AW17 | I34: VICTORIA MEDINA | J34: BCE | K34: 209865 | L34: =IF(M34>35,"Yes","No") -> Yes | M34: 37.42 | N34: 0 | O34: 0 | P34: =SUM(N34:O34) -> 0
A35: =INDEX('MO Store'!B:B,MATCH($K35,'MO Store'!$A:$A,0)) -> San Antonio/Laredo | B35: =INDEX('MO Store'!C:C,MATCH($K35,'MO Store'!$A:$A,0)) -> Uvalde | C35: =INDEX('MO Store'!D:D,MATCH($K35,'MO Store'!$A:$A,0)) -> Anthony Galichet | D35: =INDEX('MO Store'!F:F,MATCH($K35,'MO Store'!$A:$A,0)) -> Romio Hamdar | E35: =INDEX('MO Store'!G:G,MATCH($K35,'MO Store'!$A:$A,0)) -> Veronica Ramos | F35: =INDEX('MO Store'!E:E,MATCH($K35,'MO Store'!$A:$A,0)) -> Brittanie Braggs | G35: =INDEX('MO Store'!I:I,MATCH($K35,'MO Store'!$A:$A,0)) -> Flagship | H35: AWOG | I35: OSCAR URRABAZO | J35: BCE | K35: 215747 | L35: =IF(M35>35,"Yes","No") -> Yes | M35: 37.52 | N35: 0 | O35: 0 | P35: =SUM(N35:O35) -> 0
A36: =INDEX('MO Store'!B:B,MATCH($K36,'MO Store'!$A:$A,0)) -> San Antonio/Laredo | B36: =INDEX('MO Store'!C:C,MATCH($K36,'MO Store'!$A:$A,0)) -> DEL RIO | C36: =INDEX('MO Store'!D:D,MATCH($K36,'MO Store'!$A:$A,0)) -> Anthony Galichet | D36: =INDEX('MO Store'!F:F,MATCH($K36,'MO Store'!$A:$A,0)) -> Romio Hamdar | E36: =INDEX('MO Store'!G:G,MATCH($K36,'MO Store'!$A:$A,0)) -> Veronica Ramos | F36: =INDEX('MO Store'!E:E,MATCH($K36,'MO Store'!$A:$A,0)) -> Brittanie Braggs | G36: =INDEX('MO Store'!I:I,MATCH($K36,'MO Store'!$A:$A,0)) -> Flagship | H36: AWFC | I36: VALERIE VALDEZ | J36: BCE | K36: 207754 | L36: =IF(M36>35,"Yes","No") -> Yes | M36: 36.28 | N36: 0 | O36: 0 | P36: =SUM(N36:O36) -> 0
A37: =INDEX('MO Store'!B:B,MATCH($K37,'MO Store'!$A:$A,0)) -> Houston East | B37: =INDEX('MO Store'!C:C,MATCH($K37,'MO Store'!$A:$A,0)) -> Fairmont Pkwy | C37: =INDEX('MO Store'!D:D,MATCH($K37,'MO Store'!$A:$A,0)) -> Anthony Galichet | D37: =INDEX('MO Store'!F:F,MATCH($K37,'MO Store'!$A:$A,0)) -> Romio Hamdar | E37: =INDEX('MO Store'!G:G,MATCH($K37,'MO Store'!$A:$A,0)) -> Isreal Gomez- Level Up | F37: =INDEX('MO Store'!E:E,MATCH($K37,'MO Store'!$A:$A,0)) -> Brittanie Braggs | G37: =INDEX('MO Store'!I:I,MATCH($K37,'MO Store'!$A:$A,0)) -> Focus | H37: AVIN | I37: JOSE VALENCIA | J37: BSL | K37: 209869 | L37: =IF(M37>35,"Yes","No") -> Yes | M37: 48.7 | N37: 0 | O37: 0 | P37: =SUM(N37:O37) -> 0
... A100: =INDEX('MO Store'!B:B,MATCH($K100,'MO Store'!$A:$A,0)) -> Austin | B100: =INDEX('MO Store'!C:C,MATCH($K100,'MO Store'!$A:$A,0)) -> Buda Town Center | C100: =INDEX('MO Store'!D:D,MATCH($K100,'MO Store'!$A:$A,0)) -> Anthony Galichet | D100: =INDEX('MO Store'!F:F,MATCH($K100,'MO Store'!$A:$A,0)) -> Romio Hamdar | E100: =INDEX('MO Store'!G:G,MATCH($K100,'MO Store'!$A:$A,0)) -> Austin TM | F100: =INDEX('MO Store'!E:E,MATCH($K100,'MO Store'!$A:$A,0)) -> Brittanie Braggs | G100: =INDEX('MO Store'!I:I,MATCH($K100,'MO Store'!$A:$A,0)) -> Regular | H100: A8KH | I100: AUSTIN KNOX | J100: CE | K100: 176039 | L100: =IF(M100>35,"Yes","No") -> No | M100: 30.83 | N100: 0 | O100: 0 | P100: =SUM(N100:O100) -> 0
A101: =INDEX('MO Store'!B:B,MATCH($K101,'MO Store'!$A:$A,0)) -> Houston North East | B101: =INDEX('MO Store'!C:C,MATCH($K101,'MO Store'!$A:$A,0)) -> Fondren Village | C101: =INDEX('MO Store'!D:D,MATCH($K101,'MO Store'!$A:$A,0)) -> Anthony Galichet | D101: =INDEX('MO Store'!F:F,MATCH($K101,'MO Store'!$A:$A,0)) -> Romio Hamdar | E101: =INDEX('MO Store'!G:G,MATCH($K101,'MO Store'!$A:$A,0)) -> Suhail Ishaq | F101: =INDEX('MO Store'!E:E,MATCH($K101,'MO Store'!$A:$A,0)) -> Brittanie Braggs | G101: Closed | H101: AWC0 | I101: ISRAEL LERMA | J101: BCE | K101: 209863 | L101: =IF(M101>35,"Yes","No") -> No | M101: 32.94 | N101: 0 | O101: 0 | P101: =SUM(N101:O101) -> 0
A102: =INDEX('MO Store'!B:B,MATCH($K102,'MO Store'!$A:$A,0)) -> Arizona | B102: =INDEX('MO Store'!C:C,MATCH($K102,'MO Store'!$A:$A,0)) -> VAL VISTA | C102: =INDEX('MO Store'!D:D,MATCH($K102,'MO Store'!$A:$A,0)) -> Anthony Galichet | D102: =INDEX('MO Store'!F:F,MATCH($K102,'MO Store'!$A:$A,0)) -> No SD | E102: =INDEX('MO Store'!G:G,MATCH($K102,'MO Store'!$A:$A,0)) -> Susu Leong | F102: =INDEX('MO Store'!E:E,MATCH($K102,'MO Store'!$A:$A,0)) -> Brittanie Braggs | G102: =INDEX('MO Store'!I:I,MATCH($K102,'MO Store'!$A:$A,0)) -> Regular | H102: AW6W | I102: RICH LIN | J102: CE | K102: 176995 | L102: =IF(M102>35,"Yes","No") -> No | M102: 18.75 | N102: 0 | O102: 0 | P102: =SUM(N102:O102) -> 0
A103: =INDEX('MO Store'!B:B,MATCH($K103,'MO Store'!$A:$A,0)) -> Arizona | B103: =INDEX('MO Store'!C:C,MATCH($K103,'MO Store'!$A:$A,0)) -> Buffalo Spot | C103: =INDEX('MO Store'!D:D,MATCH($K103,'MO Store'!$A:$A,0)) -> Anthony Galichet | D103: =INDEX('MO Store'!F:F,MATCH($K103,'MO Store'!$A:$A,0)) -> No SD | E103: =INDEX('MO Store'!G:G,MATCH($K103,'MO Store'!$A:$A,0)) -> Susu Leong | F103: =INDEX('MO Store'!E:E,MATCH($K103,'MO Store'!$A:$A,0)) -> Brittanie Braggs | G103: =INDEX('MO Store'!I:I,MATCH($K103,'MO Store'!$A:$A,0)) -> Battleship | H103: AXHO | I103: DEZIREE LOPEZ | J103: BCE | K103: 178109 | L103: =IF(M103>35,"Yes","No") -> No | M103: 29.35 | N103: 0 | O103: 0 | P103: =SUM(N103:O103) -> 0
A104: =INDEX('MO Store'!B:B,MATCH($K104,'MO Store'!$A:$A,0)) -> Arizona | B104: =INDEX('MO Store'!C:C,MATCH($K104,'MO Store'!$A:$A,0)) -> Old Vail Plaza | C104: =INDEX('MO Store'!D:D,MATCH($K104,'MO Store'!$A:$A,0)) -> Anthony Galichet | D104: =INDEX('MO Store'!F:F,MATCH($K104,'MO Store'!$A:$A,0)) -> No SD | E104: =INDEX('MO Store'!G:G,MATCH($K104,'MO Store'!$A:$A,0)) -> Susu Leong | F104: =INDEX('MO Store'!E:E,MATCH($K104,'MO Store'!$A:$A,0)) -> Brittanie Braggs | G104: =INDEX('MO Store'!I:I,MATCH($K104,'MO Store'!$A:$A,0)) -> Regular | H104: AXTK | I104: EDUARDO LOPEZ | J104: HBRSM | K104: 222262 | L104: =IF(M104>35,"Yes","No") -> No | M104: 15.39 | N104: 0 | O104: 0 | P104: =SUM(N104:O104) -> 0
A105: =INDEX('MO Store'!B:B,MATCH($K105,'MO Store'!$A:$A,0)) -> Colorado | B105: =INDEX('MO Store'!C:C,MATCH($K105,'MO Store'!$A:$A,0)) -> Grand View Market Place | C105: =INDEX('MO Store'!D:D,MATCH($K105,'MO Store'!$A:$A,0)) -> Anthony Galichet | D105: =INDEX('MO Store'!F:F,MATCH($K105,'MO Store'!$A:$A,0)) -> Romio Hamdar | E105: =INDEX('MO Store'!G:G,MATCH($K105,'MO Store'!$A:$A,0)) -> Colorado Market - No TM | F105: =INDEX('MO Store'!E:E,MATCH($K105,'MO Store'!$A:$A,0)) -> Brittanie Braggs | G105: =INDEX('MO Store'!I:I,MATCH($K105,'MO Store'!$A:$A,0)) -> Regular | H105: AXLJ | I105: LORENA LOPEZ | J105: BCE | K105: 210924 | L105: =IF(M105>35,"Yes","No") -> No | M105: 16.92 | N105: 0 | O105: 0 | P105: =SUM(N105:O105) -> 0
A106: =INDEX('MO Store'!B:B,MATCH($K106,'MO Store'!$A:$A,0)) -> North Carolina | B106: =INDEX('MO Store'!C:C,MATCH($K106,'MO Store'!$A:$A,0)) -> Winterville NC | C106: =INDEX('MO Store'!D:D,MATCH($K106,'MO Store'!$A:$A,0)) -> Anthony Galichet | D106: =INDEX('MO Store'!F:F,MATCH($K106,'MO Store'!$A:$A,0)) -> No SD | E106: =INDEX('MO Store'!G:G,MATCH($K106,'MO Store'!$A:$A,0)) -> North Carolina Market - No TM | F106: =INDEX('MO Store'!E:E,MATCH($K106,'MO Store'!$A:$A,0)) -> Brittanie Braggs | G106: =INDEX('MO Store'!I:I,MATCH($K106,'MO Store'!$A:$A,0)) -> Regular | H106: AX8B | I106: NATALIE LUCKADOO | J106: CE | K106: 177547 | L106: =IF(M106>35,"Yes","No") -> No | M106: 23.68 | N106: 0 | O106: 0 | P106: =SUM(N106:O106) -> 0
A107: =INDEX('MO Store'!B:B,MATCH($K107,'MO Store'!$A:$A,0)) -> San Antonio/Laredo | B107: =INDEX('MO Store'!C:C,MATCH($K107,'MO Store'!$A:$A,0)) -> Uvalde | C107: =INDEX('MO Store'!D:D,MATCH($K107,'MO Store'!$A:$A,0)) -> Anthony Galichet | D107: =INDEX('MO Store'!F:F,MATCH($K107,'MO Store'!$A:$A,0)) -> Romio Hamdar | E107: =INDEX('MO Store'!G:G,MATCH($K107,'MO Store'!$A:$A,0)) -> Veronica Ramos | F107: =INDEX('MO Store'!E:E,MATCH($K107,'MO Store'!$A:$A,0)) -> Brittanie Braggs | G107: =INDEX('MO Store'!I:I,MATCH($K107,'MO Store'!$A:$A,0)) -> Flagship | H107: AWAG | I107: BLANCA LUEVANOS | J107: BCE | K107: 215747 | L107: =IF(M107>35,"Yes","No") -> No | M107: 30.72 | N107: 0 | O107: 0 | P107: =SUM(N107:O107) -> 0
A108: =INDEX('MO Store'!B:B,MATCH($K108,'MO Store'!$A:$A,0)) -> Houston South West | B108: =INDEX('MO Store'!C:C,MATCH($K108,'MO Store'!$A:$A,0)) -> Rice Ave | C108: =INDEX('MO Store'!D:D,MATCH($K108,'MO Store'!$A:$A,0)) -> Anthony Galichet | D108: =INDEX('MO Store'!F:F,MATCH($K108,'MO Store'!$A:$A,0)) -> Romio Hamdar | E108: =INDEX('MO Store'!G:G,MATCH($K108,'MO Store'!$A:$A,0)) -> Carlos Ayala-Level Up | F108: =INDEX('MO Store'!E:E,MATCH($K108,'MO Store'!$A:$A,0)) -> Brittanie Braggs | G108: =INDEX('MO Store'!I:I,MATCH($K108,'MO Store'!$A:$A,0)) -> Regular | H108: AX78 | I108: DULCE MACEDO | J108: BCE | K108: 174112 | L108: =IF(M108>35,"Yes","No") -> No | M108: 26.31 | N108: 0 | O108: 0 | P108: =SUM(N108:O108) -> 0
A109: =INDEX('MO Store'!B:B,MATCH($K109,'MO Store'!$A:$A,0)) -> San Antonio/Laredo | B109: =INDEX('MO Store'!C:C,MATCH($K109,'MO Store'!$A:$A,0)) -> LAREDO PLANTATION CENTRE | C109: =INDEX('MO Store'!D:D,MATCH($K109,'MO Store'!$A:$A,0)) -> Anthony Galichet | D109: =INDEX('MO Store'!F:F,MATCH($K109,'MO Store'!$A:$A,0)) -> Romio Hamdar | E109: =INDEX('MO Store'!G:G,MATCH($K109,'MO Store'!$A:$A,0)) -> Veronica Ramos | F109: =INDEX('MO Store'!E:E,MATCH($K109,'MO Store'!$A:$A,0)) -> Brittanie Braggs | G109: =INDEX('MO Store'!I:I,MATCH($K109,'MO Store'!$A:$A,0)) -> Flagship | H109: AWWO | I109: STEPHANIE MACIAS | J109: BCE | K109: 207752 | L109: =IF(M109>35,"Yes","No") -> No | M109: 31.58 | N109: 0 | O109: 0 | P109: =SUM(N109:O109) -> 0
A110: =INDEX('MO Store'!B:B,MATCH($K110,'MO Store'!$A:$A,0)) -> Arizona | B110: =INDEX('MO Store'!C:C,MATCH($K110,'MO Store'!$A:$A,0)) -> Bethany Home | C110: =INDEX('MO Store'!D:D,MATCH($K110,'MO Store'!$A:$A,0)) -> Anthony Galichet | D110: =INDEX('MO Store'!F:F,MATCH($K110,'MO Store'!$A:$A,0)) -> No SD | E110: =INDEX('MO Store'!G:G,MATCH($K110,'MO Store'!$A:$A,0)) -> Susu Leong | F110: =INDEX('MO Store'!E:E,MATCH($K110,'MO Store'!$A:$A,0)) -> Brittanie Braggs | G110: =INDEX('MO Store'!I:I,MATCH($K110,'MO Store'!$A:$A,0)) -> Regular | H110: AX6A | I110: JOHNATHAN MARCHISIO BAER | J110: CE | K110: 216514 | L110: =IF(M110>35,"Yes","No") -> No | M110: 30.64 | N110: 0 | O110: 0 | P110: =SUM(N110:O110) -> 0
A111: =INDEX('MO Store'!B:B,MATCH($K111,'MO Store'!$A:$A,0)) -> San Antonio/Laredo | B111: =INDEX('MO Store'!C:C,MATCH($K111,'MO Store'!$A:$A,0)) -> EAGLE PASS | C111: =INDEX('MO Store'!D:D,MATCH($K111,'MO Store'!$A:$A,0)) -> Anthony Galichet | D111: =INDEX('MO Store'!F:F,MATCH($K111,'MO Store'!$A:$A,0)) -> Romio Hamdar | E111: =INDEX('MO Store'!G:G,MATCH($K111,'MO Store'!$A:$A,0)) -> Veronica Ramos | F111: =INDEX('MO Store'!E:E,MATCH($K111,'MO Store'!$A:$A,0)) -> Brittanie Braggs | G111: =INDEX('MO Store'!I:I,MATCH($K111,'MO Store'!$A:$A,0)) -> Flagship | H111: AW2W | I111: DAVID MARTINEZ | J111: BSL | K111: 207753 | L111: =IF(M111>35,"Yes","No") -> No | M111: 32.05 | N111: 0 | O111: 0 | P111: =SUM(N111:O111) -> 0
A112: =INDEX('MO Store'!B:B,MATCH($K112,'MO Store'!$A:$A,0)) -> Colorado | B112: =INDEX('MO Store'!C:C,MATCH($K112,'MO Store'!$A:$A,0)) -> Grand View Market Place | C112: =INDEX('MO Store'!D:D,MATCH($K112,'MO Store'!$A:$A,0)) -> Anthony Galichet | D112: =INDEX('MO Store'!F:F,MATCH($K112,'MO Store'!$A:$A,0)) -> Romio Hamdar | E112: =INDEX('MO Store'!G:G,MATCH($K112,'MO Store'!$A:$A,0)) -> Colorado Market - No TM | F112: =INDEX('MO Store'!E:E,MATCH($K112,'MO Store'!$A:$A,0)) -> Brittanie Braggs | G112: =INDEX('MO Store'!I:I,MATCH($K112,'MO Store'!$A:$A,0)) -> Regular | H112: AXOM | I112: ANTONIO MCGEE-CROCKETT | J112: CE | K112: 210924 | L112: =IF(M112>35,"Yes","No") -> No | M112: 27.2 | N112: 0 | O112: 0 | P112: =SUM(N112:O112) -> 0
A113: =INDEX('MO Store'!B:B,MATCH($K113,'MO Store'!$A:$A,0)) -> San Antonio/Laredo | B113: =INDEX('MO Store'!C:C,MATCH($K113,'MO Store'!$A:$A,0)) -> Wurzbach Road | C113: =INDEX('MO Store'!D:D,MATCH($K113,'MO Store'!$A:$A,0)) -> Anthony Galichet | D113: =INDEX('MO Store'!F:F,MATCH($K113,'MO Store'!$A:$A,0)) -> Romio Hamdar | E113: =INDEX('MO Store'!G:G,MATCH($K113,'MO Store'!$A:$A,0)) -> Veronica Ramos | F113: =INDEX('MO Store'!E:E,MATCH($K113,'MO Store'!$A:$A,0)) -> Brittanie Braggs | G113: =INDEX('MO Store'!I:I,MATCH($K113,'MO Store'!$A:$A,0)) -> Battleship | H113: AWY4 | I113: OMARPETE MOLINA | J113: BCE | K113: 215745 | L113: =IF(M113>35,"Yes","No") -> No | M113: 30.99 | N113: 0 | O113: 0 | P113: =SUM(N113:O113) -> 0
... A116: =INDEX('MO Store'!B:B,MATCH($K116,'MO Store'!$A:$A,0)) -> Arizona | B116: =INDEX('MO Store'!C:C,MATCH($K116,'MO Store'!$A:$A,0)) -> Old Vail Plaza | C116: =INDEX('MO Store'!D:D,MATCH($K116,'MO Store'!$A:$A,0)) -> Anthony Galichet | D116: =INDEX('MO Store'!F:F,MATCH($K116,'MO Store'!$A:$A,0)) -> No SD | E116: =INDEX('MO Store'!G:G,MATCH($K116,'MO Store'!$A:$A,0)) -> Susu Leong | F116: =INDEX('MO Store'!E:E,MATCH($K116,'MO Store'!$A:$A,0)) -> Brittanie Braggs | G116: =INDEX('MO Store'!I:I,MATCH($K116,'MO Store'!$A:$A,0)) -> Regular | H116: AWQ8 | I116: ELIZABETH MORENO | J116: BCE | K116: 222262 | L116: =IF(M116>35,"Yes","No") -> No | M116: 31.99 | N116: 0 | O116: 0 | P116: =SUM(N116:O116) -> 0
A117: =INDEX('MO Store'!B:B,MATCH($K117,'MO Store'!$A:$A,0)) -> Wisconsin East | B117: =INDEX('MO Store'!C:C,MATCH($K117,'MO Store'!$A:$A,0)) -> Sturgeon Bay | C117: =INDEX('MO Store'!D:D,MATCH($K117,'MO Store'!$A:$A,0)) -> Anthony Galichet | D117: =INDEX('MO Store'!F:F,MATCH($K117,'MO Store'!$A:$A,0)) -> No SD | E117: =INDEX('MO Store'!G:G,MATCH($K117,'MO Store'!$A:$A,0)) -> Jayme Roraff | F117: =INDEX('MO Store'!E:E,MATCH($K117,'MO Store'!$A:$A,0)) -> Brittanie Braggs | G117: Closed | H117: AVDT | I117: MELISSA MURPHY | J117: CE | K117: 240558 | L117: =IF(M117>35,"Yes","No") -> No | M117: 30.98 | N117: 0 | O117: 0 | P117: =SUM(N117:O117) -> 0
A118: =INDEX('MO Store'!B:B,MATCH($K118,'MO Store'!$A:$A,0)) -> San Antonio/Laredo | B118: =INDEX('MO Store'!C:C,MATCH($K118,'MO Store'!$A:$A,0)) -> Wurzbach Road | C118: =INDEX('MO Store'!D:D,MATCH($K118,'MO Store'!$A:$A,0)) -> Anthony Galichet | D118: =INDEX('MO Store'!F:F,MATCH($K118,'MO Store'!$A:$A,0)) -> Romio Hamdar | E118: =INDEX('MO Store'!G:G,MATCH($K118,'MO Store'!$A:$A,0)) -> Veronica Ramos | F118: =INDEX('MO Store'!E:E,MATCH($K118,'MO Store'!$A:$A,0)) -> Brittanie Braggs | G118: =INDEX('MO Store'!I:I,MATCH($K118,'MO Store'!$A:$A,0)) -> Battleship | H118: AXRV | I118: SILVIA MURPHY | J118: BCE | K118: 215745 | L118: =IF(M118>35,"Yes","No") -> No | M118: 30.95 | N118: 0 | O118: 0 | P118: =SUM(N118:O118) -> 0
A119: =INDEX('MO Store'!B:B,MATCH($K119,'MO Store'!$A:$A,0)) -> Colorado | B119: =INDEX('MO Store'!C:C,MATCH($K119,'MO Store'!$A:$A,0)) -> Interquest | C119: =INDEX('MO Store'!D:D,MATCH($K119,'MO Store'!$A:$A,0)) -> Anthony Galichet | D119: =INDEX('MO Store'!F:F,MATCH($K119,'MO Store'!$A:$A,0)) -> Romio Hamdar | E119: =INDEX('MO Store'!G:G,MATCH($K119,'MO Store'!$A:$A,0)) -> Colorado Market - No TM | F119: =INDEX('MO Store'!E:E,MATCH($K119,'MO Store'!$A:$A,0)) -> Brittanie Braggs | G119: =INDEX('MO Store'!I:I,MATCH($K119,'MO Store'!$A:$A,0)) -> Regular | H119: AV6F | I119: DE'ANTHONE'E MURRAY | J119: CE | K119: 241356 | L119: =IF(M119>35,"Yes","No") -> No | M119: 25.08 | N119: 0 | O119: 0 | P119: =SUM(N119:O119) -> 0
A120: =INDEX('MO Store'!B:B,MATCH($K120,'MO Store'!$A:$A,0)) -> Colorado | B120: =INDEX('MO Store'!C:C,MATCH($K120,'MO Store'!$A:$A,0)) -> Fountain MESA ROAD | C120: =INDEX('MO Store'!D:D,MATCH($K120,'MO Store'!$A:$A,0)) -> Anthony Galichet | D120: =INDEX('MO Store'!F:F,MATCH($K120,'MO Store'!$A:$A,0)) -> Romio Hamdar | E120: =INDEX('MO Store'!G:G,MATCH($K120,'MO Store'!$A:$A,0)) -> Colorado Market - No TM | F120: =INDEX('MO Store'!E:E,MATCH($K120,'MO Store'!$A:$A,0)) -> Brittanie Braggs | G120: =INDEX('MO Store'!I:I,MATCH($K120,'MO Store'!$A:$A,0)) -> Battleship | H120: AXIP | I120: BRENDA NAPE | J120: BCE | K120: 178719 | L120: =IF(M120>35,"Yes","No") -> No | M120: 28.35 | N120: 0 | O120: 0 | P120: =SUM(N120:O120) -> 0
A121: =INDEX('MO Store'!B:B,MATCH($K121,'MO Store'!$A:$A,0)) -> Houston East | B121: =INDEX('MO Store'!C:C,MATCH($K121,'MO Store'!$A:$A,0)) -> Baytown | C121: =INDEX('MO Store'!D:D,MATCH($K121,'MO Store'!$A:$A,0)) -> Anthony Galichet | D121: =INDEX('MO Store'!F:F,MATCH($K121,'MO Store'!$A:$A,0)) -> Romio Hamdar | E121: =INDEX('MO Store'!G:G,MATCH($K121,'MO Store'!$A:$A,0)) -> Isreal Gomez- Level Up | F121: =INDEX('MO Store'!E:E,MATCH($K121,'MO Store'!$A:$A,0)) -> Brittanie Braggs | G121: =INDEX('MO Store'!I:I,MATCH($K121,'MO Store'!$A:$A,0)) -> Regular | H121: AXHJ | I121: MALIK NELSON | J121: CE | K121: 219201 | L121: =IF(M121>35,"Yes","No") -> No | M121: 22.27 | N121: 0 | O121: 0 | P121: =SUM(N121:O121) -> 0
A122: =INDEX('MO Store'!B:B,MATCH($K122,'MO Store'!$A:$A,0)) -> Houston South West | B122: =INDEX('MO Store'!C:C,MATCH($K122,'MO Store'!$A:$A,0)) -> Bellaire (Hong Kong Mall) | C122: =INDEX('MO Store'!D:D,MATCH($K122,'MO Store'!$A:$A,0)) -> Anthony Galichet | D122: =INDEX('MO Store'!F:F,MATCH($K122,'MO Store'!$A:$A,0)) -> Romio Hamdar | E122: =INDEX('MO Store'!G:G,MATCH($K122,'MO Store'!$A:$A,0)) -> Carlos Ayala-Level Up | F122: =INDEX('MO Store'!E:E,MATCH($K122,'MO Store'!$A:$A,0)) -> Brittanie Braggs | G122: =INDEX('MO Store'!I:I,MATCH($K122,'MO Store'!$A:$A,0)) -> Battleship | H122: A0XX | I122: HAI NGUYEN | J122: BSL | K122: 209866 | L122: =IF(M122>35,"Yes","No") -> No | M122: 30.54 | N122: 0 | O122: 0 | P122: =SUM(N122:O122) -> 0
A123: =INDEX('MO Store'!B:B,MATCH($K123,'MO Store'!$A:$A,0)) -> San Antonio/Laredo | B123: =INDEX('MO Store'!C:C,MATCH($K123,'MO Store'!$A:$A,0)) -> San Pedro | C123: =INDEX('MO Store'!D:D,MATCH($K123,'MO Store'!$A:$A,0)) -> Anthony Galichet | D123: =INDEX('MO Store'!F:F,MATCH($K123,'MO Store'!$A:$A,0)) -> Romio Hamdar | E123: =INDEX('MO Store'!G:G,MATCH($K123,'MO Store'!$A:$A,0)) -> Veronica Ramos | F123: =INDEX('MO Store'!E:E,MATCH($K123,'MO Store'!$A:$A,0)) -> Brittanie Braggs | G123: =INDEX('MO Store'!I:I,MATCH($K123,'MO Store'!$A:$A,0)) -> Flagship | H123: AW9R | I123: ADRIAN NIETO | J123: BCE | K123: 215746 | L123: =IF(M123>35,"Yes","No") -> No | M123: 31.19 | N123: 0 | O123: 0 | P123: =SUM(N123:O123) -> 0
A124: =INDEX('MO Store'!B:B,MATCH($K124,'MO Store'!$A:$A,0)) -> San Antonio/Laredo | B124: =INDEX('MO Store'!C:C,MATCH($K124,'MO Store'!$A:$A,0)) -> DEL RIO | C124: =INDEX('MO Store'!D:D,MATCH($K124,'MO Store'!$A:$A,0)) -> Anthony Galichet | D124: =INDEX('MO Store'!F:F,MATCH($K124,'MO Store'!$A:$A,0)) -> Romio Hamdar | E124: =INDEX('MO Store'!G:G,MATCH($K124,'MO Store'!$A:$A,0)) -> Veronica Ramos | F124: =INDEX('MO Store'!E:E,MATCH($K124,'MO Store'!$A:$A,0)) -> Brittanie Braggs | G124: =INDEX('MO Store'!I:I,MATCH($K124,'MO Store'!$A:$A,0)) -> Flagship | H124: AXNS | I124: YAMILE OROZCO CARLOS | J124: BCE | K124: 207754 | L124: =IF(M124>35,"Yes","No") -> No | M124: 18.54 | N124: 0 | O124: 0 | P124: =SUM(N124:O124) -> 0
A125: =INDEX('MO Store'!B:B,MATCH($K125,'MO Store'!$A:$A,0)) -> Wisconsin West | B125: =INDEX('MO Store'!C:C,MATCH($K125,'MO Store'!$A:$A,0)) -> APPLETON | C125: =INDEX('MO Store'!D:D,MATCH($K125,'MO Store'!$A:$A,0)) -> Anthony Galichet | D125: =INDEX('MO Store'!F:F,MATCH($K125,'MO Store'!$A:$A,0)) -> No SD | E125: =INDEX('MO Store'!G:G,MATCH($K125,'MO Store'!$A:$A,0)) -> Jayme Roraff | F125: =INDEX('MO Store'!E:E,MATCH($K125,'MO Store'!$A:$A,0)) -> Brittanie Braggs | G125: =INDEX('MO Store'!I:I,MATCH($K125,'MO Store'!$A:$A,0)) -> Battleship | H125: AXAG | I125: MITZI ORTEGA | J125: BCE | K125: 207757 | L125: =IF(M125>35,"Yes","No") -> No | M125: 21.68 | N125: 0 | O125: 0 | P125: =SUM(N125:O125) -> 0
A126: =INDEX('MO Store'!B:B,MATCH($K126,'MO Store'!$A:$A,0)) -> Colorado | B126: =INDEX('MO Store'!C:C,MATCH($K126,'MO Store'!$A:$A,0)) -> Grand View Market Place | C126: =INDEX('MO Store'!D:D,MATCH($K126,'MO Store'!$A:$A,0)) -> Anthony Galichet | D126: =INDEX('MO Store'!F:F,MATCH($K126,'MO Store'!$A:$A,0)) -> Romio Hamdar | E126: =INDEX('MO Store'!G:G,MATCH($K126,'MO Store'!$A:$A,0)) -> Colorado Market - No TM | F126: =INDEX('MO Store'!E:E,MATCH($K126,'MO Store'!$A:$A,0)) -> Brittanie Braggs | G126: =INDEX('MO Store'!I:I,MATCH($K126,'MO Store'!$A:$A,0)) -> Regular | H126: A95L | I126: ANTHONY OSO | J126: CE | K126: 210924 | L126: =IF(M126>35,"Yes","No") -> No | M126: 33.2 | N126: 0 | O126: 0 | P126: =SUM(N126:O126) -> 0
A127: =INDEX('MO Store'!B:B,MATCH($K127,'MO Store'!$A:$A,0)) -> San Antonio/Laredo | B127: =INDEX('MO Store'!C:C,MATCH($K127,'MO Store'!$A:$A,0)) -> EAGLE PASS | C127: =INDEX('MO Store'!D:D,MATCH($K127,'MO Store'!$A:$A,0)) -> Anthony Galichet | D127: =INDEX('MO Store'!F:F,MATCH($K127,'MO Store'!$A:$A,0)) -> Romio Hamdar | E127: =INDEX('MO Store'!G:G,MATCH($K127,'MO Store'!$A:$A,0)) -> Veronica Ramos | F127: =INDEX('MO Store'!E:E,MATCH($K127,'MO Store'!$A:$A,0)) -> Brittanie Braggs | G127: =INDEX('MO Store'!I:I,MATCH($K127,'MO Store'!$A:$A,0)) -> Flagship | H127: AWJL | I127: ALEXIS PEREZ | J127: BCE | K127: 207753 | L127: =IF(M127>35,"Yes","No") -> No | M127: 27.33 | N127: 0 | O127: 0 | P127: =SUM(N127:O127) -> 0
A128: =INDEX('MO Store'!B:B,MATCH($K128,'MO Store'!$A:$A,0)) -> Houston North East | B128: =INDEX('MO Store'!C:C,MATCH($K128,'MO Store'!$A:$A,0)) -> Riverstone | C128: =INDEX('MO Store'!D:D,MATCH($K128,'MO Store'!$A:$A,0)) -> Anthony Galichet | D128: =INDEX('MO Store'!F:F,MATCH($K128,'MO Store'!$A:$A,0)) -> Romio Hamdar | E128: =INDEX('MO Store'!G:G,MATCH($K128,'MO Store'!$A:$A,0)) -> Suhail Ishaq | F128: =INDEX('MO Store'!E:E,MATCH($K128,'MO Store'!$A:$A,0)) -> Brittanie Braggs | G128: =INDEX('MO Store'!I:I,MATCH($K128,'MO Store'!$A:$A,0)) -> Flagship | H128: AXR8 | I128: JAVIER PEREZ | J128: BCE | K128: 207758 | L128: =IF(M128>35,"Yes","No") -> No | M128: 33.77 | N128: 0 | O128: 0 | P128: =SUM(N128:O128) -> 0
A129: =INDEX('MO Store'!B:B,MATCH($K129,'MO Store'!$A:$A,0)) -> Houston North East | B129: =INDEX('MO Store'!C:C,MATCH($K129,'MO Store'!$A:$A,0)) -> Fondren Village | C129: =INDEX('MO Store'!D:D,MATCH($K129,'MO Store'!$A:$A,0)) -> Anthony Galichet | D129: =INDEX('MO Store'!F:F,MATCH($K129,'MO Store'!$A:$A,0)) -> Romio Hamdar | E129: =INDEX('MO Store'!G:G,MATCH($K129,'MO Store'!$A:$A,0)) -> Suhail Ishaq | F129: =INDEX('MO Store'!E:E,MATCH($K129,'MO Store'!$A:$A,0)) -> Brittanie Braggs | G129: =INDEX('MO Store'!I:I,MATCH($K129,'MO Store'!$A:$A,0)) -> Regular | H129: AXA6 | I129: JAYLYN PEREZ | J129: BCE | K129: 209863 | L129: =IF(M129>35,"Yes","No") -> No | M129: 23.79 | N129: 0 | O129: 0 | P129: =SUM(N129:O129) -> 0
... A275: =INDEX('MO Store'!B:B,MATCH($K275,'MO Store'!$A:$A,0)) -> Wisconsin West | B275: =INDEX('MO Store'!C:C,MATCH($K275,'MO Store'!$A:$A,0)) -> APPLETON | C275: =INDEX('MO Store'!D:D,MATCH($K275,'MO Store'!$A:$A,0)) -> Anthony Galichet | D275: =INDEX('MO Store'!F:F,MATCH($K275,'MO Store'!$A:$A,0)) -> No SD | E275: =INDEX('MO Store'!G:G,MATCH($K275,'MO Store'!$A:$A,0)) -> Jayme Roraff | F275: =INDEX('MO Store'!E:E,MATCH($K275,'MO Store'!$A:$A,0)) -> Brittanie Braggs | G275: =INDEX('MO Store'!I:I,MATCH($K275,'MO Store'!$A:$A,0)) -> Battleship | H275: AXR7 | I275: ROBERT WARREN | J275: RSM | K275: 207757 | L275: =IF(M275>35,"Yes","No") -> No | M275: 34.7 | N275: 0 | O275: 0 | P275: =SUM(N275:O275) -> 0

Sheet Week Wise OT Hours
K1: =SUBTOTAL(9,Table6[08 - 14 Apr 2026]) -> 39.4 | L1: =SUBTOTAL(9,Table6[01 - 07 Apr 2026]) -> 100.89 | M1: =SUBTOTAL(9,Table6[25 - 31 Mar 2026]) -> 99.72 | N1: =SUBTOTAL(9,Table6[18-24 Mar 2026]) -> 93.12 | O1: =SUBTOTAL(9,Table6[11-17 March 2026]) -> 99.1 | P1: =SUBTOTAL(9,Table6[4-10 March 2026]) -> 118.77 | Q1: =SUBTOTAL(9,Table6[25 feb - 3 march 2026]) -> 108.83 | R1: =SUBTOTAL(9,Table6[18-24 Feb]) -> 135.48 | S1: =SUBTOTAL(9,S3:S763) -> 144.05 | T1: =SUBTOTAL(9,T3:T765) -> 131.39 | U1: =SUBTOTAL(9,Table6[28 jan-3 Feb]) -> 119.19 | V1: =SUBTOTAL(9,V3:V746) -> 123.77 | W1: =SUBTOTAL(9,W3:W742) -> 126.36 | X1: =SUBTOTAL(9,X3:X741) -> 147.39 | Y1: =SUBTOTAL(9,Y3:Y736) -> 91.03 | Z1: =SUBTOTAL(9,Z3:Z730) -> 82.63 | AA1: =SUBTOTAL(9,AA3:AA728) -> 102.78 | AB1: =SUBTOTAL(9,AB3:AB716) -> 170.88 | AC1: =SUBTOTAL(9,AC3:AC716) -> 127.49 | AD1: =SUBTOTAL(9,AD3:AD707) -> 99.34
A2: VP | B2: SD | C2: TM | D2: HRBP | E2: Market | F2: Store | G2: UID | H2: Tier | I2: ID | J2: Employee Name | K2: 08 - 14 Apr 2026 | L2: 01 - 07 Apr 2026 | M2: 25 - 31 Mar 2026 | N2: 18-24 Mar 2026 | O2: 11-17 March 2026 | P2: 4-10 March 2026 | Q2: 25 feb - 3 march 2026 | R2: 18-24 Feb | S2: 11-17 Feb | T2: 4-10 Feb | U2: 28 jan-3 Feb | V2: 21-27 Jan | W2: 14-20 Jan | X2: 7-13 Jan | Y2: 31 Dec - 06 Jan | Z2: 24 Dec - 30 Dec | AA2: 17 Dec - 23 Dec | AB2: 10 Dec - 16 Dec | AC2: 03 Dec - 09 Dec | AD2: 26 Nov - 02 Dec
A3: =INDEX('MO Store'!D:D,MATCH('Week Wise OT Hours'!$G3,'MO Store'!$A:$A,0)) -> Anthony Galichet | B3: =INDEX('MO Store'!F:F,MATCH('Week Wise OT Hours'!$G3,'MO Store'!$A:$A,0)) -> Romio Hamdar | C3: =INDEX('MO Store'!G:G,MATCH('Week Wise OT Hours'!$G3,'MO Store'!$A:$A,0)) -> Suhail Ishaq | D3: =INDEX('MO Store'!E:E,MATCH('Week Wise OT Hours'!$G3,'MO Store'!$A:$A,0)) -> Brittanie Braggs | E3: =INDEX('MO Store'!B:B,MATCH('Week Wise OT Hours'!$G3,'MO Store'!$A:$A,0)) -> Houston North East | F3: =INDEX('MO Store'!C:C,MATCH('Week Wise OT Hours'!$G3,'MO Store'!$A:$A,0)) -> Antoine Town Center | G3: 209865 | H3: =INDEX('MO Store'!I:I,MATCH('Week Wise OT Hours'!$G3,'MO Store'!$A:$A,0)) -> Regular | I3: A1HN | J3: CHRISTOPHER ZAPATA | K3: 0 | L3: 0 | M3: 0 | N3: 0 | O3: 0 | P3: 0 | Q3: 0 | R3: 0 | S3: 0 | T3: 0 | U3: 0 | V3: 0 | W3: 0 | X3: 0 | Y3: 0 | Z3: 0 | AA3: 0 | AB3: 0 | AC3: 0 | AD3: 0
A4: =INDEX('MO Store'!D:D,MATCH('Week Wise OT Hours'!$G4,'MO Store'!$A:$A,0)) -> Anthony Galichet | B4: =INDEX('MO Store'!F:F,MATCH('Week Wise OT Hours'!$G4,'MO Store'!$A:$A,0)) -> Romio Hamdar | C4: =INDEX('MO Store'!G:G,MATCH('Week Wise OT Hours'!$G4,'MO Store'!$A:$A,0)) -> Isreal Gomez- Level Up | D4: =INDEX('MO Store'!E:E,MATCH('Week Wise OT Hours'!$G4,'MO Store'!$A:$A,0)) -> Brittanie Braggs | E4: =INDEX('MO Store'!B:B,MATCH('Week Wise OT Hours'!$G4,'MO Store'!$A:$A,0)) -> Houston East | F4: =INDEX('MO Store'!C:C,MATCH('Week Wise OT Hours'!$G4,'MO Store'!$A:$A,0)) -> Baytown | G4: 219201 | H4: =INDEX('MO Store'!I:I,MATCH('Week Wise OT Hours'!$G4,'MO Store'!$A:$A,0)) -> Regular | I4: A5LJ | J4: CHRISTOPHER GRAVES | K4: 0 | L4: 0 | M4: 0 | N4: 0 | O4: 0 | P4: 0 | Q4: 0 | R4: 0 | S4: 0 | T4: 0 | U4: 0 | V4: 0 | W4: 0 | X4: 0 | Y4: 0 | Z4: 0 | AA4: 0 | AB4: 0 | AC4: 0 | AD4: 0
A5: =INDEX('MO Store'!D:D,MATCH('Week Wise OT Hours'!$G5,'MO Store'!$A:$A,0)) -> Anthony Galichet | B5: =INDEX('MO Store'!F:F,MATCH('Week Wise OT Hours'!$G5,'MO Store'!$A:$A,0)) -> Romio Hamdar | C5: =INDEX('MO Store'!G:G,MATCH('Week Wise OT Hours'!$G5,'MO Store'!$A:$A,0)) -> Suhail Ishaq | D5: =INDEX('MO Store'!E:E,MATCH('Week Wise OT Hours'!$G5,'MO Store'!$A:$A,0)) -> Brittanie Braggs | E5: =INDEX('MO Store'!B:B,MATCH('Week Wise OT Hours'!$G5,'MO Store'!$A:$A,0)) -> Houston North East | F5: =INDEX('MO Store'!C:C,MATCH('Week Wise OT Hours'!$G5,'MO Store'!$A:$A,0)) -> Antoine Town Center | G5: 209865 | H5: =INDEX('MO Store'!I:I,MATCH('Week Wise OT Hours'!$G5,'MO Store'!$A:$A,0)) -> Regular | I5: A97O | J5: ANTONY CORTES RAMIREZ | K5: 0 | L5: 0 | M5: 0 | N5: 0 | O5: 0 | P5: 0 | Q5: 0 | R5: 0 | S5: 0 | T5: 0 | U5: 0 | V5: 0 | W5: 0 | X5: 0 | Y5: 0 | Z5: 0 | AA5: 0 | AB5: 0.26 | AC5: 0 | AD5: 0
A6: =INDEX('MO Store'!D:D,MATCH('Week Wise OT Hours'!$G6,'MO Store'!$A:$A,0)) -> Anthony Galichet | B6: =INDEX('MO Store'!F:F,MATCH('Week Wise OT Hours'!$G6,'MO Store'!$A:$A,0)) -> Romio Hamdar | C6: =INDEX('MO Store'!G:G,MATCH('Week Wise OT Hours'!$G6,'MO Store'!$A:$A,0)) -> Isreal Gomez- Level Up | D6: =INDEX('MO Store'!E:E,MATCH('Week Wise OT Hours'!$G6,'MO Store'!$A:$A,0)) -> Brittanie Braggs | E6: =INDEX('MO Store'!B:B,MATCH('Week Wise OT Hours'!$G6,'MO Store'!$A:$A,0)) -> Houston East | F6: =INDEX('MO Store'!C:C,MATCH('Week Wise OT Hours'!$G6,'MO Store'!$A:$A,0)) -> Baytown | G6: 219201 | H6: =INDEX('MO Store'!I:I,MATCH('Week Wise OT Hours'!$G6,'MO Store'!$A:$A,0)) -> Regular | I6: A9JS | J6: ALEJANDRO CARDENAS | K6: 0 | L6: 0 | M6: 0 | N6: 0 | O6: 0 | P6: 0 | Q6: 0 | R6: 0 | S6: 0 | T6: 0 | U6: 0 | V6: 0 | W6: 0 | X6: 0 | Y6: 0 | Z6: 0 | AA6: 0 | AB6: 0 | AC6: 0 | AD6: 0
A7: =INDEX('MO Store'!D:D,MATCH('Week Wise OT Hours'!$G7,'MO Store'!$A:$A,0)) -> Anthony Galichet | B7: =INDEX('MO Store'!F:F,MATCH('Week Wise OT Hours'!$G7,'MO Store'!$A:$A,0)) -> No SD | C7: =INDEX('MO Store'!G:G,MATCH('Week Wise OT Hours'!$G7,'MO Store'!$A:$A,0)) -> Jayme Roraff | D7: =INDEX('MO Store'!E:E,MATCH('Week Wise OT Hours'!$G7,'MO Store'!$A:$A,0)) -> Brittanie Braggs | E7: =INDEX('MO Store'!B:B,MATCH('Week Wise OT Hours'!$G7,'MO Store'!$A:$A,0)) -> Wisconsin West | F7: =INDEX('MO Store'!C:C,MATCH('Week Wise OT Hours'!$G7,'MO Store'!$A:$A,0)) -> PLOVER | G7: 207760 | H7: =INDEX('MO Store'!I:I,MATCH('Week Wise OT Hours'!$G7,'MO Store'!$A:$A,0)) -> Flagship | I7: A18U | J7: JONATHON SHOPINSKI JR | K7: 0 | L7: 0 | M7: 0 | N7: 0 | O7: 0 | P7: 0 | Q7: 0 | R7: 0 | S7: 0 | T7: 0 | U7: 0 | V7: 0 | W7: 0 | X7: 0 | Y7: 0 | Z7: 0 | AA7: 0 | AB7: 0 | AC7: 0 | AD7: 0
A8: =INDEX('MO Store'!D:D,MATCH('Week Wise OT Hours'!$G8,'MO Store'!$A:$A,0)) -> Anthony Galichet | B8: =INDEX('MO Store'!F:F,MATCH('Week Wise OT Hours'!$G8,'MO Store'!$A:$A,0)) -> Romio Hamdar | C8: =INDEX('MO Store'!G:G,MATCH('Week Wise OT Hours'!$G8,'MO Store'!$A:$A,0)) -> Isreal Gomez- Level Up | D8: =INDEX('MO Store'!E:E,MATCH('Week Wise OT Hours'!$G8,'MO Store'!$A:$A,0)) -> Brittanie Braggs | E8: =INDEX('MO Store'!B:B,MATCH('Week Wise OT Hours'!$G8,'MO Store'!$A:$A,0)) -> Houston East | F8: =INDEX('MO Store'!C:C,MATCH('Week Wise OT Hours'!$G8,'MO Store'!$A:$A,0)) -> Falls Creek Humble | G8: 176028 | H8: =INDEX('MO Store'!I:I,MATCH('Week Wise OT Hours'!$G8,'MO Store'!$A:$A,0)) -> Battleship | I8: A3LA | J8: ANDRES PORTILLO | K8: 0 | L8: 0 | M8: 0 | N8: 0 | O8: 0.2 | P8: 0 | Q8: 0 | R8: 0 | S8: 0 | T8: 0 | U8: 0 | V8: 0 | W8: 0 | X8: 0 | Y8: 0 | Z8: 0 | AA8: 0 | AB8: 1.73 | AC8: 0 | AD8: 0
A9: =INDEX('MO Store'!D:D,MATCH('Week Wise OT Hours'!$G9,'MO Store'!$A:$A,0)) -> Anthony Galichet | B9: =INDEX('MO Store'!F:F,MATCH('Week Wise OT Hours'!$G9,'MO Store'!$A:$A,0)) -> Romio Hamdar | C9: =INDEX('MO Store'!G:G,MATCH('Week Wise OT Hours'!$G9,'MO Store'!$A:$A,0)) -> Veronica Ramos | D9: =INDEX('MO Store'!E:E,MATCH('Week Wise OT Hours'!$G9,'MO Store'!$A:$A,0)) -> Brittanie Braggs | E9: =INDEX('MO Store'!B:B,MATCH('Week Wise OT Hours'!$G9,'MO Store'!$A:$A,0)) -> San Antonio/Laredo | F9: =INDEX('MO Store'!C:C,MATCH('Week Wise OT Hours'!$G9,'MO Store'!$A:$A,0)) -> Wurzbach Road | G9: 215745 | H9: =INDEX('MO Store'!I:I,MATCH('Week Wise OT Hours'!$G9,'MO Store'!$A:$A,0)) -> Battleship | I9: ATXU | J9: EUGENE THOMAS | K9: 0 | L9: 0 | M9: 0 | N9: 0 | O9: 0 | P9: 0 | Q9: 0 | R9: 0 | S9: 0 | T9: 0 | U9: 0 | V9: 0 | W9: 0 | X9: 0 | Y9: 0 | Z9: 0 | AA9: 0 | AB9: 0 | AC9: 0 | AD9: 0
A10: =INDEX('MO Store'!D:D,MATCH('Week Wise OT Hours'!$G10,'MO Store'!$A:$A,0)) -> Anthony Galichet | B10: =INDEX('MO Store'!F:F,MATCH('Week Wise OT Hours'!$G10,'MO Store'!$A:$A,0)) -> Romio Hamdar | C10: =INDEX('MO Store'!G:G,MATCH('Week Wise OT Hours'!$G10,'MO Store'!$A:$A,0)) -> Suhail Ishaq | D10: =INDEX('MO Store'!E:E,MATCH('Week Wise OT Hours'!$G10,'MO Store'!$A:$A,0)) -> Brittanie Braggs | E10: =INDEX('MO Store'!B:B,MATCH('Week Wise OT Hours'!$G10,'MO Store'!$A:$A,0)) -> Houston North East | F10: =INDEX('MO Store'!C:C,MATCH('Week Wise OT Hours'!$G10,'MO Store'!$A:$A,0)) -> Rosenberg | G10: 219200 | H10: =INDEX('MO Store'!I:I,MATCH('Week Wise OT Hours'!$G10,'MO Store'!$A:$A,0)) -> Focus | I10: A1A8 | J10: SAMUEL STEVENS | K10: 0 | L10: 0 | M10: 0 | N10: 0 | O10: 0 | P10: 0 | Q10: 0 | R10: 0 | S10: 0 | T10: 0 | U10: 0 | V10: 0 | W10: 0 | X10: 0 | Y10: 0 | Z10: 0 | AA10: 0 | AB10: 0 | AC10: 0 | AD10: 0
A11: =INDEX('MO Store'!D:D,MATCH('Week Wise OT Hours'!$G11,'MO Store'!$A:$A,0)) -> Anthony Galichet | B11: =INDEX('MO Store'!F:F,MATCH('Week Wise OT Hours'!$G11,'MO Store'!$A:$A,0)) -> Romio Hamdar | C11: =INDEX('MO Store'!G:G,MATCH('Week Wise OT Hours'!$G11,'MO Store'!$A:$A,0)) -> Suhail Ishaq | D11: =INDEX('MO Store'!E:E,MATCH('Week Wise OT Hours'!$G11,'MO Store'!$A:$A,0)) -> Brittanie Braggs | E11: =INDEX('MO Store'!B:B,MATCH('Week Wise OT Hours'!$G11,'MO Store'!$A:$A,0)) -> Houston North East | F11: =INDEX('MO Store'!C:C,MATCH('Week Wise OT Hours'!$G11,'MO Store'!$A:$A,0)) -> Rosenberg | G11: 219200 | H11: =INDEX('MO Store'!I:I,MATCH('Week Wise OT Hours'!$G11,'MO Store'!$A:$A,0)) -> Focus | I11: ACS1 | J11: ANYCE TILLMAN | K11: 0 | L11: 0 | M11: 0 | N11: 0 | O11: 0 | P11: 0 | Q11: 0 | R11: 0 | S11: 0 | T11: 0 | U11: 0 | V11: 0 | W11: 0 | X11: 0 | Y11: 0 | Z11: 0 | AA11: 0 | AB11: 0 | AC11: 0 | AD11: 0
A12: =INDEX('MO Store'!D:D,MATCH('Week Wise OT Hours'!$G12,'MO Store'!$A:$A,0)) -> Anthony Galichet | B12: =INDEX('MO Store'!F:F,MATCH('Week Wise OT Hours'!$G12,'MO Store'!$A:$A,0)) -> No SD | C12: =INDEX('MO Store'!G:G,MATCH('Week Wise OT Hours'!$G12,'MO Store'!$A:$A,0)) -> Jayme Roraff | D12: =INDEX('MO Store'!E:E,MATCH('Week Wise OT Hours'!$G12,'MO Store'!$A:$A,0)) -> Brittanie Braggs | E12: =INDEX('MO Store'!B:B,MATCH('Week Wise OT Hours'!$G12,'MO Store'!$A:$A,0)) -> Wisconsin West | F12: =INDEX('MO Store'!C:C,MATCH('Week Wise OT Hours'!$G12,'MO Store'!$A:$A,0)) -> BELVIDERE | G12: 215003 | H12: =INDEX('MO Store'!I:I,MATCH('Week Wise OT Hours'!$G12,'MO Store'!$A:$A,0)) -> Focus | I12: ATYE | J12: ISOLDE ALEQUIN | K12: 0 | L12: 0 | M12: 0 | N12: 0 | O12: 0 | P12: 0 | Q12: 0 | R12: 0 | S12: 0 | T12: 0 | U12: 0 | V12: 0 | W12: 0 | X12: 0 | Y12: 0 | Z12: 0 | AA12: 0 | AB12: 0 | AC12: 0 | AD12: 0
A13: =INDEX('MO Store'!D:D,MATCH('Week Wise OT Hours'!$G13,'MO Store'!$A:$A,0)) -> Anthony Galichet | B13: =INDEX('MO Store'!F:F,MATCH('Week Wise OT Hours'!$G13,'MO Store'!$A:$A,0)) -> No SD | C13: =INDEX('MO Store'!G:G,MATCH('Week Wise OT Hours'!$G13,'MO Store'!$A:$A,0)) -> North Carolina Market - No TM | D13: =INDEX('MO Store'!E:E,MATCH('Week Wise OT Hours'!$G13,'MO Store'!$A:$A,0)) -> Brittanie Braggs | E13: =INDEX('MO Store'!B:B,MATCH('Week Wise OT Hours'!$G13,'MO Store'!$A:$A,0)) -> North Carolina | F13: =INDEX('MO Store'!C:C,MATCH('Week Wise OT Hours'!$G13,'MO Store'!$A:$A,0)) -> Garner Raleigh | G13: 176289 | H13: =INDEX('MO Store'!I:I,MATCH('Week Wise OT Hours'!$G13,'MO Store'!$A:$A,0)) -> Regular | I13: ATZ9 | J13: YANET RODRIGUEZ DOMENECH | K13: 0 | L13: 0 | M13: 0 | N13: 0 | O13: 0 | P13: 0 | Q13: 0 | R13: 0 | S13: 0 | T13: 0 | U13: 0 | V13: 0 | W13: 0 | X13: 0 | Y13: 0 | Z13: 0 | AA13: 0 | AB13: 0 | AC13: 0 | AD13: 0
A14: =INDEX('MO Store'!D:D,MATCH('Week Wise OT Hours'!$G14,'MO Store'!$A:$A,0)) -> Anthony Galichet | B14: =INDEX('MO Store'!F:F,MATCH('Week Wise OT Hours'!$G14,'MO Store'!$A:$A,0)) -> Romio Hamdar | C14: =INDEX('MO Store'!G:G,MATCH('Week Wise OT Hours'!$G14,'MO Store'!$A:$A,0)) -> Veronica Ramos | D14: =INDEX('MO Store'!E:E,MATCH('Week Wise OT Hours'!$G14,'MO Store'!$A:$A,0)) -> Brittanie Braggs | E14: =INDEX('MO Store'!B:B,MATCH('Week Wise OT Hours'!$G14,'MO Store'!$A:$A,0)) -> San Antonio/Laredo | F14: =INDEX('MO Store'!C:C,MATCH('Week Wise OT Hours'!$G14,'MO Store'!$A:$A,0)) -> EAGLE PASS | G14: 207753 | H14: =INDEX('MO Store'!I:I,MATCH('Week Wise OT Hours'!$G14,'MO Store'!$A:$A,0)) -> Flagship | I14: A1TG | J14: GERARDO BERAIN II | K14: 0 | L14: 0 | M14: 0 | N14: 0 | O14: 0 | P14: 0 | Q14: 0 | R14: 0 | S14: 0 | T14: 0 | U14: 0 | V14: 0 | W14: 0 | X14: 0 | Y14: 0 | Z14: 0 | AA14: 0 | AB14: 0 | AC14: 0 | AD14: 0
... A707: =INDEX('MO Store'!D:D,MATCH('Week Wise OT Hours'!$G707,'MO Store'!$A:$A,0)) -> Anthony Galichet | B707: =INDEX('MO Store'!F:F,MATCH('Week Wise OT Hours'!$G707,'MO Store'!$A:$A,0)) -> Romio Hamdar | C707: =INDEX('MO Store'!G:G,MATCH('Week Wise OT Hours'!$G707,'MO Store'!$A:$A,0)) -> Carlos Ayala-Level Up | D707: =INDEX('MO Store'!E:E,MATCH('Week Wise OT Hours'!$G707,'MO Store'!$A:$A,0)) -> Brittanie Braggs | E707: =INDEX('MO Store'!B:B,MATCH('Week Wise OT Hours'!$G707,'MO Store'!$A:$A,0)) -> Houston South West | F707: =INDEX('MO Store'!C:C,MATCH('Week Wise OT Hours'!$G707,'MO Store'!$A:$A,0)) -> The Grid | G707: 209858 | H707: =INDEX('MO Store'!I:I,MATCH('Week Wise OT Hours'!$G707,'MO Store'!$A:$A,0)) -> Battleship | I707: AX32 | J707: DANIELE WILLIS | K707: 0 | L707: 0 | M707: 0 | N707: 0 | O707: 0 | P707: 0 | Q707: 0 | R707: 4.63 | S707: 0 | T707: 0 | U707: 0 | V707: 0 | W707: 0.42 | X707: 0 | Y707: 0 | Z707: 0 | AA707: 0 | AB707: 0 | AC707: 0 | AD707: 1.98
A708: =INDEX('MO Store'!D:D,MATCH('Week Wise OT Hours'!$G708,'MO Store'!$A:$A,0)) -> Anthony Galichet | B708: =INDEX('MO Store'!F:F,MATCH('Week Wise OT Hours'!$G708,'MO Store'!$A:$A,0)) -> Romio Hamdar | C708: =INDEX('MO Store'!G:G,MATCH('Week Wise OT Hours'!$G708,'MO Store'!$A:$A,0)) -> Carlos Ayala-Level Up | D708: =INDEX('MO Store'!E:E,MATCH('Week Wise OT Hours'!$G708,'MO Store'!$A:$A,0)) -> Brittanie Braggs | E708: =INDEX('MO Store'!B:B,MATCH('Week Wise OT Hours'!$G708,'MO Store'!$A:$A,0)) -> Houston South West | F708: =INDEX('MO Store'!C:C,MATCH('Week Wise OT Hours'!$G708,'MO Store'!$A:$A,0)) -> Kingsbridge | G708: 209862 | H708: =INDEX('MO Store'!I:I,MATCH('Week Wise OT Hours'!$G708,'MO Store'!$A:$A,0)) -> Regular | I708: AXAF | J708: KAILYN GRILLO | K708: 0 | L708: 0 | M708: 0 | N708: 0 | O708: 0 | P708: 0 | Q708: 0 | R708: 0 | S708: 0 | T708: 0 | U708: 0 | V708: 0 | W708: 0 | X708: 0 | Y708: 0.34 | Z708: 0 | AA708: 0 | AB708: 0 | AC708: 0
A709: =INDEX('MO Store'!D:D,MATCH('Week Wise OT Hours'!$G709,'MO Store'!$A:$A,0)) -> Anthony Galichet | B709: =INDEX('MO Store'!F:F,MATCH('Week Wise OT Hours'!$G709,'MO Store'!$A:$A,0)) -> Romio Hamdar | C709: =INDEX('MO Store'!G:G,MATCH('Week Wise OT Hours'!$G709,'MO Store'!$A:$A,0)) -> Isreal Gomez- Level Up | D709: =INDEX('MO Store'!E:E,MATCH('Week Wise OT Hours'!$G709,'MO Store'!$A:$A,0)) -> Brittanie Braggs | E709: =INDEX('MO Store'!B:B,MATCH('Week Wise OT Hours'!$G709,'MO Store'!$A:$A,0)) -> Houston East | F709: =INDEX('MO Store'!C:C,MATCH('Week Wise OT Hours'!$G709,'MO Store'!$A:$A,0)) -> Angleton Harvin Dr | G709: 180412 | H709: =INDEX('MO Store'!I:I,MATCH('Week Wise OT Hours'!$G709,'MO Store'!$A:$A,0)) -> Regular | I709: AX12 | J709: BARON JOHNSON | K709: 1 | L709: 10.71 | M709: 6.6 | N709: 11.12 | O709: 0 | P709: 0 | Q709: 0 | R709: 0.77 | S709: 3.05 | T709: 0 | U709: 0 | V709: 0 | W709: 0 | X709: 0 | Y709: 0 | Z709: 0 | AA709: 0 | AB709: 1.55 | AC709: 0
A710: =INDEX('MO Store'!D:D,MATCH('Week Wise OT Hours'!$G710,'MO Store'!$A:$A,0)) -> Anthony Galichet | B710: =INDEX('MO Store'!F:F,MATCH('Week Wise OT Hours'!$G710,'MO Store'!$A:$A,0)) -> No SD | C710: =INDEX('MO Store'!G:G,MATCH('Week Wise OT Hours'!$G710,'MO Store'!$A:$A,0)) -> Jayme Roraff | D710: =INDEX('MO Store'!E:E,MATCH('Week Wise OT Hours'!$G710,'MO Store'!$A:$A,0)) -> Brittanie Braggs | E710: =INDEX('MO Store'!B:B,MATCH('Week Wise OT Hours'!$G710,'MO Store'!$A:$A,0)) -> Wisconsin West | F710: =INDEX('MO Store'!C:C,MATCH('Week Wise OT Hours'!$G710,'MO Store'!$A:$A,0)) -> Onalaska | G710: 180225 | H710: =INDEX('MO Store'!I:I,MATCH('Week Wise OT Hours'!$G710,'MO Store'!$A:$A,0)) -> Flagship | I710: AX2G | J710: JULIUS JULSON | K710: 0 | L710: 0 | M710: 0 | N710: 0 | O710: 0 | P710: 1.39 | Q710: 0 | R710: 0 | S710: 0 | T710: 2.21 | U710: 0.95 | V710: 0.82 | W710: 0 | X710: 5.79 | Y710: 0 | Z710: 0 | AA710: 0 | AB710: 1.62 | AC710: 0
A711: =INDEX('MO Store'!D:D,MATCH('Week Wise OT Hours'!$G711,'MO Store'!$A:$A,0)) -> Anthony Galichet | B711: =INDEX('MO Store'!F:F,MATCH('Week Wise OT Hours'!$G711,'MO Store'!$A:$A,0)) -> No SD | C711: =INDEX('MO Store'!G:G,MATCH('Week Wise OT Hours'!$G711,'MO Store'!$A:$A,0)) -> Susu Leong | D711: =INDEX('MO Store'!E:E,MATCH('Week Wise OT Hours'!$G711,'MO Store'!$A:$A,0)) -> Brittanie Braggs | E711: =INDEX('MO Store'!B:B,MATCH('Week Wise OT Hours'!$G711,'MO Store'!$A:$A,0)) -> Arizona | F711: =INDEX('MO Store'!C:C,MATCH('Week Wise OT Hours'!$G711,'MO Store'!$A:$A,0)) -> Bethany Home | G711: 216514 | H711: =INDEX('MO Store'!I:I,MATCH('Week Wise OT Hours'!$G711,'MO Store'!$A:$A,0)) -> Regular | I711: AX6A | J711: JOHNATHAN MARCHISIO BAER | K711: 0 | L711: 0 | M711: 0 | N711: 0 | O711: 0 | P711: 0 | Q711: 0 | R711: 0 | S711: 0 | T711: 0 | U711: 0 | V711: 0 | W711: 0 | X711: 3.8 | Y711: 0 | Z711: 5.4 | AA711: 2.18 | AB711: 0.27 | AC711: 0
A712: =INDEX('MO Store'!D:D,MATCH('Week Wise OT Hours'!$G712,'MO Store'!$A:$A,0)) -> Anthony Galichet | B712: =INDEX('MO Store'!F:F,MATCH('Week Wise OT Hours'!$G712,'MO Store'!$A:$A,0)) -> Romio Hamdar | C712: =INDEX('MO Store'!G:G,MATCH('Week Wise OT Hours'!$G712,'MO Store'!$A:$A,0)) -> Austin TM | D712: =INDEX('MO Store'!E:E,MATCH('Week Wise OT Hours'!$G712,'MO Store'!$A:$A,0)) -> Brittanie Braggs | E712: =INDEX('MO Store'!B:B,MATCH('Week Wise OT Hours'!$G712,'MO Store'!$A:$A,0)) -> Austin | F712: =INDEX('MO Store'!C:C,MATCH('Week Wise OT Hours'!$G712,'MO Store'!$A:$A,0)) -> Rutland | G712: 152336 | H712: =INDEX('MO Store'!I:I,MATCH('Week Wise OT Hours'!$G712,'MO Store'!$A:$A,0)) -> Regular | I712: AWNP | J712: LUIS PEREZ | K712: 0 | L712: 0 | M712: 0 | N712: 0 | O712: 0 | P712: 0 | Q712: 0 | R712: 0 | S712: 0 | T712: 0 | U712: 0 | V712: 0 | W712: 0 | X712: 0 | Y712: 0 | Z712: 0 | AA712: 1.08 | AB712: 2.55 | AC712: 0
A713: =INDEX('MO Store'!D:D,MATCH('Week Wise OT Hours'!$G713,'MO Store'!$A:$A,0)) -> Anthony Galichet | B713: =INDEX('MO Store'!F:F,MATCH('Week Wise OT Hours'!$G713,'MO Store'!$A:$A,0)) -> No SD | C713: =INDEX('MO Store'!G:G,MATCH('Week Wise OT Hours'!$G713,'MO Store'!$A:$A,0)) -> Jayme Roraff | D713: =INDEX('MO Store'!E:E,MATCH('Week Wise OT Hours'!$G713,'MO Store'!$A:$A,0)) -> Brittanie Braggs | E713: =INDEX('MO Store'!B:B,MATCH('Week Wise OT Hours'!$G713,'MO Store'!$A:$A,0)) -> Wisconsin West | F713: =INDEX('MO Store'!C:C,MATCH('Week Wise OT Hours'!$G713,'MO Store'!$A:$A,0)) -> APPLETON | G713: 207757 | H713: =INDEX('MO Store'!I:I,MATCH('Week Wise OT Hours'!$G713,'MO Store'!$A:$A,0)) -> Battleship | I713: AX9I | J713: NICKOLAS PROPST | K713: 0 | L713: 0 | M713: 0 | N713: 0 | O713: 0 | P713: 0 | Q713: 0 | R713: 0 | S713: 0 | T713: 0 | U713: 0 | V713: 0 | W713: 0 | X713: 0 | Y713: 0 | Z713: 0 | AA713: 1.12 | AB713: 7.36 | AC713: 0
A714: =INDEX('MO Store'!D:D,MATCH('Week Wise OT Hours'!$G714,'MO Store'!$A:$A,0)) -> Anthony Galichet | B714: =INDEX('MO Store'!F:F,MATCH('Week Wise OT Hours'!$G714,'MO Store'!$A:$A,0)) -> No SD | C714: =INDEX('MO Store'!G:G,MATCH('Week Wise OT Hours'!$G714,'MO Store'!$A:$A,0)) -> Jayme Roraff | D714: =INDEX('MO Store'!E:E,MATCH('Week Wise OT Hours'!$G714,'MO Store'!$A:$A,0)) -> Brittanie Braggs | E714: =INDEX('MO Store'!B:B,MATCH('Week Wise OT Hours'!$G714,'MO Store'!$A:$A,0)) -> Wisconsin East | F714: =INDEX('MO Store'!C:C,MATCH('Week Wise OT Hours'!$G714,'MO Store'!$A:$A,0)) -> Sturgeon Bay | G714: 240558 | H714: =INDEX('MO Store'!I:I,MATCH('Week Wise OT Hours'!$G714,'MO Store'!$A:$A,0)) -> Regular | I714: AX7A | J714: SAMANTHA SIMONAR | K714: 0 | L714: 0 | M714: 0 | N714: 0 | O714: 0 | P714: 0 | Q714: 0 | R714: 0 | S714: 0 | T714: 0 | U714: 0 | V714: 0 | W714: 0 | X714: 0 | Y714: 0 | Z714: 0 | AA714: 0 | AB714: 5.99 | AC714: 0
A715: =INDEX('MO Store'!D:D,MATCH('Week Wise OT Hours'!$G715,'MO Store'!$A:$A,0)) -> Anthony Galichet | B715: =INDEX('MO Store'!F:F,MATCH('Week Wise OT Hours'!$G715,'MO Store'!$A:$A,0)) -> Romio Hamdar | C715: =INDEX('MO Store'!G:G,MATCH('Week Wise OT Hours'!$G715,'MO Store'!$A:$A,0)) -> Suhail Ishaq | D715: =INDEX('MO Store'!E:E,MATCH('Week Wise OT Hours'!$G715,'MO Store'!$A:$A,0)) -> Brittanie Braggs | E715: =INDEX('MO Store'!B:B,MATCH('Week Wise OT Hours'!$G715,'MO Store'!$A:$A,0)) -> Houston North East | F715: =INDEX('MO Store'!C:C,MATCH('Week Wise OT Hours'!$G715,'MO Store'!$A:$A,0)) -> Missouri City | G715: 174113 | H715: =INDEX('MO Store'!I:I,MATCH('Week Wise OT Hours'!$G715,'MO Store'!$A:$A,0)) -> Regular | I715: AX2S | J715: JESUS UMANA | K715: 0 | L715: 0 | M715: 0 | N715: 0 | O715: 0 | P715: 0 | Q715: 0 | R715: 0 | S715: 0 | T715: 0 | U715: 0 | V715: 0 | W715: 0 | X715: 0 | Y715: 0 | Z715: 1.5 | AA715: 0 | AB715: 2.37 | AC715: 0
A716: =INDEX('MO Store'!D:D,MATCH('Week Wise OT Hours'!$G716,'MO Store'!$A:$A,0)) -> Anthony Galichet | B716: =INDEX('MO Store'!F:F,MATCH('Week Wise OT Hours'!$G716,'MO Store'!$A:$A,0)) -> No SD | C716: =INDEX('MO Store'!G:G,MATCH('Week Wise OT Hours'!$G716,'MO Store'!$A:$A,0)) -> Jayme Roraff | D716: =INDEX('MO Store'!E:E,MATCH('Week Wise OT Hours'!$G716,'MO Store'!$A:$A,0)) -> Brittanie Braggs | E716: =INDEX('MO Store'!B:B,MATCH('Week Wise OT Hours'!$G716,'MO Store'!$A:$A,0)) -> Wisconsin East | F716: =INDEX('MO Store'!C:C,MATCH('Week Wise OT Hours'!$G716,'MO Store'!$A:$A,0)) -> WAUKESHA | G716: 176115 | H716: =INDEX('MO Store'!I:I,MATCH('Week Wise OT Hours'!$G716,'MO Store'!$A:$A,0)) -> Regular | I716: AX03 | J716: JONNE THURMAN | K716: 0 | L716: 0 | M716: 0 | N716: 0 | O716: 0 | P716: 0 | Q716: 0 | R716: 0 | S716: 0 | T716: 0 | U716: 0 | V716: 0 | W716: 0 | X716: 0 | Y716: 0 | Z716: 0 | AA716: 0 | AB716: 1.41 | AC716: 0
A717: =INDEX('MO Store'!D:D,MATCH('Week Wise OT Hours'!$G717,'MO Store'!$A:$A,0)) -> Anthony Galichet | B717: =INDEX('MO Store'!F:F,MATCH('Week Wise OT Hours'!$G717,'MO Store'!$A:$A,0)) -> No SD | C717: =INDEX('MO Store'!G:G,MATCH('Week Wise OT Hours'!$G717,'MO Store'!$A:$A,0)) -> Jayme Roraff | D717: =INDEX('MO Store'!E:E,MATCH('Week Wise OT Hours'!$G717,'MO Store'!$A:$A,0)) -> Brittanie Braggs | E717: =INDEX('MO Store'!B:B,MATCH('Week Wise OT Hours'!$G717,'MO Store'!$A:$A,0)) -> Wisconsin West | F717: =INDEX('MO Store'!C:C,MATCH('Week Wise OT Hours'!$G717,'MO Store'!$A:$A,0)) -> Onalaska | G717: 180225 | H717: =INDEX('MO Store'!I:I,MATCH('Week Wise OT Hours'!$G717,'MO Store'!$A:$A,0)) -> Flagship | I717: AX2D | J717: TREIN BENBENEK | K717: 0 | L717: 0 | M717: 0 | N717: 0 | O717: 0 | P717: 0 | Q717: 0 | R717: 0 | S717: 0 | T717: 0 | U717: 0 | V717: 0 | W717: 0 | X717: 0 | Y717: 0 | Z717: 0 | AA717: 1.22
A718: =INDEX('MO Store'!D:D,MATCH('Week Wise OT Hours'!$G718,'MO Store'!$A:$A,0)) -> Anthony Galichet | B718: =INDEX('MO Store'!F:F,MATCH('Week Wise OT Hours'!$G718,'MO Store'!$A:$A,0)) -> Romio Hamdar | C718: =INDEX('MO Store'!G:G,MATCH('Week Wise OT Hours'!$G718,'MO Store'!$A:$A,0)) -> Carlos Ayala-Level Up | D718: =INDEX('MO Store'!E:E,MATCH('Week Wise OT Hours'!$G718,'MO Store'!$A:$A,0)) -> Brittanie Braggs | E718: =INDEX('MO Store'!B:B,MATCH('Week Wise OT Hours'!$G718,'MO Store'!$A:$A,0)) -> Houston South West | F718: =INDEX('MO Store'!C:C,MATCH('Week Wise OT Hours'!$G718,'MO Store'!$A:$A,0)) -> Kingsbridge | G718: 209862 | H718: =INDEX('MO Store'!I:I,MATCH('Week Wise OT Hours'!$G718,'MO Store'!$A:$A,0)) -> Regular | I718: AX49 | J718: ALEXIS PIERCE | K718: 0 | L718: 0 | M718: 0 | N718: 0 | O718: 0 | P718: 0 | Q718: 0 | R718: 0 | S718: 0 | T718: 0 | U718: 0 | V718: 0 | W718: 0 | X718: 0 | Y718: 0 | Z718: 0 | AA718: 0.29
A719: =INDEX('MO Store'!D:D,MATCH('Week Wise OT Hours'!$G719,'MO Store'!$A:$A,0)) -> Anthony Galichet | B719: =INDEX('MO Store'!F:F,MATCH('Week Wise OT Hours'!$G719,'MO Store'!$A:$A,0)) -> Romio Hamdar | C719: =INDEX('MO Store'!G:G,MATCH('Week Wise OT Hours'!$G719,'MO Store'!$A:$A,0)) -> Suhail Ishaq | D719: =INDEX('MO Store'!E:E,MATCH('Week Wise OT Hours'!$G719,'MO Store'!$A:$A,0)) -> Brittanie Braggs | E719: =INDEX('MO Store'!B:B,MATCH('Week Wise OT Hours'!$G719,'MO Store'!$A:$A,0)) -> Houston North East | F719: =INDEX('MO Store'!C:C,MATCH('Week Wise OT Hours'!$G719,'MO Store'!$A:$A,0)) -> Fondren Village | G719: 209863 | H719: =INDEX('MO Store'!I:I,MATCH('Week Wise OT Hours'!$G719,'MO Store'!$A:$A,0)) -> Regular | I719: A45V | J719: JOCELYN AGUIRRE | K719: 0 | L719: 0 | M719: 0 | N719: 0 | O719: 0 | P719: 0 | Q719: 0 | R719: 0 | S719: 0 | T719: 0 | U719: 0 | V719: 0 | W719: 2.48 | X719: 0 | Y719: 0 | Z719: 0 | AA719: 0.81
A720: =INDEX('MO Store'!D:D,MATCH('Week Wise OT Hours'!$G720,'MO Store'!$A:$A,0)) -> Anthony Galichet | B720: =INDEX('MO Store'!F:F,MATCH('Week Wise OT Hours'!$G720,'MO Store'!$A:$A,0)) -> No SD | C720: =INDEX('MO Store'!G:G,MATCH('Week Wise OT Hours'!$G720,'MO Store'!$A:$A,0)) -> Susu Leong | D720: =INDEX('MO Store'!E:E,MATCH('Week Wise OT Hours'!$G720,'MO Store'!$A:$A,0)) -> Brittanie Braggs | E720: =INDEX('MO Store'!B:B,MATCH('Week Wise OT Hours'!$G720,'MO Store'!$A:$A,0)) -> Arizona | F720: =INDEX('MO Store'!C:C,MATCH('Week Wise OT Hours'!$G720,'MO Store'!$A:$A,0)) -> VAL VISTA | G720: 176995 | H720: =INDEX('MO Store'!I:I,MATCH('Week Wise OT Hours'!$G720,'MO Store'!$A:$A,0)) -> Regular | I720: AW6W | J720: RICH LIN | K720: 0 | L720: 0 | M720: 0 | N720: 0 | O720: 8.33 | P720: 0 | Q720: 0 | R720: 0 | S720: 0 | T720: 0 | U720: 0 | V720: 0 | W720: 0 | X720: 0 | Y720: 0 | Z720: 0 | AA720: 0.76
A721: =INDEX('MO Store'!D:D,MATCH('Week Wise OT Hours'!$G721,'MO Store'!$A:$A,0)) -> Anthony Galichet | B721: =INDEX('MO Store'!F:F,MATCH('Week Wise OT Hours'!$G721,'MO Store'!$A:$A,0)) -> No SD | C721: =INDEX('MO Store'!G:G,MATCH('Week Wise OT Hours'!$G721,'MO Store'!$A:$A,0)) -> Jayme Roraff | D721: =INDEX('MO Store'!E:E,MATCH('Week Wise OT Hours'!$G721,'MO Store'!$A:$A,0)) -> Brittanie Braggs | E721: =INDEX('MO Store'!B:B,MATCH('Week Wise OT Hours'!$G721,'MO Store'!$A:$A,0)) -> Wisconsin West | F721: =INDEX('MO Store'!C:C,MATCH('Week Wise OT Hours'!$G721,'MO Store'!$A:$A,0)) -> APPLETON | G721: 207757 | H721: =INDEX('MO Store'!I:I,MATCH('Week Wise OT Hours'!$G721,'MO Store'!$A:$A,0)) -> Battleship | I721: AXAG | J721: MITZI ORTEGA | K721: 0 | L721: 0 | M721: 0 | N721: 0 | O721: 0 | P721: 0 | Q721: 0 | R721: 0 | S721: 0 | T721: 0 | U721: 0 | V721: 0 | W721: 0 | X721: 0.26 | Y721: 1.32 | Z721: 0 | AA721: 1.36
A722: =INDEX('MO Store'!D:D,MATCH('Week Wise OT Hours'!$G722,'MO Store'!$A:$A,0)) -> Anthony Galichet | B722: =INDEX('MO Store'!F:F,MATCH('Week Wise OT Hours'!$G722,'MO Store'!$A:$A,0)) -> Romio Hamdar | C722: =INDEX('MO Store'!G:G,MATCH('Week Wise OT Hours'!$G722,'MO Store'!$A:$A,0)) -> Veronica Ramos | D722: =INDEX('MO Store'!E:E,MATCH('Week Wise OT Hours'!$G722,'MO Store'!$A:$A,0)) -> Brittanie Braggs | E722: =INDEX('MO Store'!B:B,MATCH('Week Wise OT Hours'!$G722,'MO Store'!$A:$A,0)) -> San Antonio/Laredo | F722: =INDEX('MO Store'!C:C,MATCH('Week Wise OT Hours'!$G722,'MO Store'!$A:$A,0)) -> San Pedro | G722: 215746 | H722: =INDEX('MO Store'!I:I,MATCH('Week Wise OT Hours'!$G722,'MO Store'!$A:$A,0)) -> Flagship | I722: AX4V | J722: PETER SEGOVIA | K722: 0 | L722: 0 | M722: 0 | N722: 0 | O722: 0 | P722: 0 | Q722: 0 | R722: 0 | S722: 0 | T722: 0 | U722: 0 | V722: 0 | W722: 0.17 | X722: 0 | Y722: 0 | Z722: 1.07 | AA722: 2.43
A723: =INDEX('MO Store'!D:D,MATCH('Week Wise OT Hours'!$G723,'MO Store'!$A:$A,0)) -> Anthony Galichet | B723: =INDEX('MO Store'!F:F,MATCH('Week Wise OT Hours'!$G723,'MO Store'!$A:$A,0)) -> No SD | C723: =INDEX('MO Store'!G:G,MATCH('Week Wise OT Hours'!$G723,'MO Store'!$A:$A,0)) -> Jayme Roraff | D723: =INDEX('MO Store'!E:E,MATCH('Week Wise OT Hours'!$G723,'MO Store'!$A:$A,0)) -> Brittanie Braggs | E723: =INDEX('MO Store'!B:B,MATCH('Week Wise OT Hours'!$G723,'MO Store'!$A:$A,0)) -> Wisconsin East | F723: =INDEX('MO Store'!C:C,MATCH('Week Wise OT Hours'!$G723,'MO Store'!$A:$A,0)) -> Sturgeon Bay | G723: 240558 | H723: =INDEX('MO Store'!I:I,MATCH('Week Wise OT Hours'!$G723,'MO Store'!$A:$A,0)) -> Regular | I723: AXB7 | J723: KYLE PERRY | K723: 0 | L723: 0 | M723: 0 | N723: 0 | O723: 0 | P723: 0 | Q723: 0 | R723: 0 | S723: 0 | T723: 0 | U723: 0 | V723: 0 | W723: 0 | X723: 0 | Y723: 0 | Z723: 0 | AA723: 0.05
A724: =INDEX('MO Store'!D:D,MATCH('Week Wise OT Hours'!$G724,'MO Store'!$A:$A,0)) -> Anthony Galichet | B724: =INDEX('MO Store'!F:F,MATCH('Week Wise OT Hours'!$G724,'MO Store'!$A:$A,0)) -> No SD | C724: =INDEX('MO Store'!G:G,MATCH('Week Wise OT Hours'!$G724,'MO Store'!$A:$A,0)) -> Susu Leong | D724: =INDEX('MO Store'!E:E,MATCH('Week Wise OT Hours'!$G724,'MO Store'!$A:$A,0)) -> Brittanie Braggs | E724: =INDEX('MO Store'!B:B,MATCH('Week Wise OT Hours'!$G724,'MO Store'!$A:$A,0)) -> Arizona | F724: =INDEX('MO Store'!C:C,MATCH('Week Wise OT Hours'!$G724,'MO Store'!$A:$A,0)) -> Buffalo Spot | G724: 178109 | H724: =INDEX('MO Store'!I:I,MATCH('Week Wise OT Hours'!$G724,'MO Store'!$A:$A,0)) -> Battleship | I724: AX6F | J724: ORLANDO LANDEROS HERNANDEZ | K724: 0 | L724: 0 | M724: 0 | N724: 0 | O724: 0 | P724: 0 | Q724: 0 | R724: 0 | S724: 0 | T724: 0 | U724: 0 | V724: 0 | W724: 0 | X724: 0 | Y724: 0 | Z724: 0 | AA724: 0.42
A725: =INDEX('MO Store'!D:D,MATCH('Week Wise OT Hours'!$G725,'MO Store'!$A:$A,0)) -> Anthony Galichet | B725: =INDEX('MO Store'!F:F,MATCH('Week Wise OT Hours'!$G725,'MO Store'!$A:$A,0)) -> Romio Hamdar | C725: =INDEX('MO Store'!G:G,MATCH('Week Wise OT Hours'!$G725,'MO Store'!$A:$A,0)) -> Suhail Ishaq | D725: =INDEX('MO Store'!E:E,MATCH('Week Wise OT Hours'!$G725,'MO Store'!$A:$A,0)) -> Brittanie Braggs | E725: =INDEX('MO Store'!B:B,MATCH('Week Wise OT Hours'!$G725,'MO Store'!$A:$A,0)) -> Houston North East | F725: =INDEX('MO Store'!C:C,MATCH('Week Wise OT Hours'!$G725,'MO Store'!$A:$A,0)) -> Rosenberg | G725: 219200 | H725: =INDEX('MO Store'!I:I,MATCH('Week Wise OT Hours'!$G725,'MO Store'!$A:$A,0)) -> Focus | I725: AWZZ | J725: NASTASSIA CLIFFORD | K725: 0 | L725: 0 | M725: 0 | N725: 0 | O725: 0.29 | P725: 0 | Q725: 0 | R725: 2.46 | S725: 0 | T725: 0.04 | U725: 0.44 | V725: 4.09 | W725: 0 | X725: 4.1 | Y725: 0 | Z725: 5.85 | AA725: 0
A726: =INDEX('MO Store'!D:D,MATCH('Week Wise OT Hours'!$G726,'MO Store'!$A:$A,0)) -> Anthony Galichet | B726: =INDEX('MO Store'!F:F,MATCH('Week Wise OT Hours'!$G726,'MO Store'!$A:$A,0)) -> Romio Hamdar | C726: =INDEX('MO Store'!G:G,MATCH('Week Wise OT Hours'!$G726,'MO Store'!$A:$A,0)) -> Carlos Ayala-Level Up | D726: =INDEX('MO Store'!E:E,MATCH('Week Wise OT Hours'!$G726,'MO Store'!$A:$A,0)) -> Brittanie Braggs | E726: =INDEX('MO Store'!B:B,MATCH('Week Wise OT Hours'!$G726,'MO Store'!$A:$A,0)) -> Houston South West | F726: =INDEX('MO Store'!C:C,MATCH('Week Wise OT Hours'!$G726,'MO Store'!$A:$A,0)) -> Little York Rd | G726: 217138 | H726: =INDEX('MO Store'!I:I,MATCH('Week Wise OT Hours'!$G726,'MO Store'!$A:$A,0)) -> Regular | I726: AX3O | J726: CRISTIAN FUENTES | K726: 0 | L726: 0 | M726: 0 | N726: 0 | O726: 0 | P726: 0 | Q726: 0 | R726: 0 | S726: 0 | T726: 0 | U726: 0 | V726: 0 | W726: 0 | X726: 0 | Y726: 0 | Z726: 0.38 | AA726: 0
A727: =INDEX('MO Store'!D:D,MATCH('Week Wise OT Hours'!$G727,'MO Store'!$A:$A,0)) -> Anthony Galichet | B727: =INDEX('MO Store'!F:F,MATCH('Week Wise OT Hours'!$G727,'MO Store'!$A:$A,0)) -> Romio Hamdar | C727: =INDEX('MO Store'!G:G,MATCH('Week Wise OT Hours'!$G727,'MO Store'!$A:$A,0)) -> Suhail Ishaq | D727: =INDEX('MO Store'!E:E,MATCH('Week Wise OT Hours'!$G727,'MO Store'!$A:$A,0)) -> Brittanie Braggs | E727: =INDEX('MO Store'!B:B,MATCH('Week Wise OT Hours'!$G727,'MO Store'!$A:$A,0)) -> Houston North East | F727: =INDEX('MO Store'!C:C,MATCH('Week Wise OT Hours'!$G727,'MO Store'!$A:$A,0)) -> Midtown | G727: 176027 | H727: =INDEX('MO Store'!I:I,MATCH('Week Wise OT Hours'!$G727,'MO Store'!$A:$A,0)) -> Battleship | I727: AX38 | J727: YOUSSOUF ISSA GAMBO | K727: 0 | L727: 0 | M727: 0 | N727: 0 | O727: 0 | P727: 0 | Q727: 0 | R727: 0 | S727: 0 | T727: 0 | U727: 0 | V727: 0 | W727: 0 | X727: 0 | Y727: 0 | Z727: 0.64 | AA727: 0
A728: =INDEX('MO Store'!D:D,MATCH('Week Wise OT Hours'!$G728,'MO Store'!$A:$A,0)) -> Anthony Galichet | B728: =INDEX('MO Store'!F:F,MATCH('Week Wise OT Hours'!$G728,'MO Store'!$A:$A,0)) -> Romio Hamdar | C728: =INDEX('MO Store'!G:G,MATCH('Week Wise OT Hours'!$G728,'MO Store'!$A:$A,0)) -> Suhail Ishaq | D728: =INDEX('MO Store'!E:E,MATCH('Week Wise OT Hours'!$G728,'MO Store'!$A:$A,0)) -> Brittanie Braggs | E728: =INDEX('MO Store'!B:B,MATCH('Week Wise OT Hours'!$G728,'MO Store'!$A:$A,0)) -> Houston North East | F728: =INDEX('MO Store'!C:C,MATCH('Week Wise OT Hours'!$G728,'MO Store'!$A:$A,0)) -> Rosenberg | G728: 219200 | H728: =INDEX('MO Store'!I:I,MATCH('Week Wise OT Hours'!$G728,'MO Store'!$A:$A,0)) -> Focus | I728: AX6Z | J728: LAUNEKIA MURRY | K728: 0 | L728: 0 | M728: 0 | N728: 0 | O728: 0 | P728: 3.6 | Q728: 7.26 | R728: 7.45 | S728: 6.46 | T728: 4.63 | U728: 3.37 | V728: 8.56 | W728: 11.31 | X728: 9.15 | Y728: 2.93 | Z728: 0 | AA728: 1.96
A729: =INDEX('MO Store'!D:D,MATCH('Week Wise OT Hours'!$G729,'MO Store'!$A:$A,0)) -> Anthony Galichet | B729: =INDEX('MO Store'!F:F,MATCH('Week Wise OT Hours'!$G729,'MO Store'!$A:$A,0)) -> No SD | C729: =INDEX('MO Store'!G:G,MATCH('Week Wise OT Hours'!$G729,'MO Store'!$A:$A,0)) -> Jayme Roraff | D729: =INDEX('MO Store'!E:E,MATCH('Week Wise OT Hours'!$G729,'MO Store'!$A:$A,0)) -> Brittanie Braggs | E729: =INDEX('MO Store'!B:B,MATCH('Week Wise OT Hours'!$G729,'MO Store'!$A:$A,0)) -> Wisconsin West | F729: =INDEX('MO Store'!C:C,MATCH('Week Wise OT Hours'!$G729,'MO Store'!$A:$A,0)) -> PLOVER | G729: 207760 | H729: =INDEX('MO Store'!I:I,MATCH('Week Wise OT Hours'!$G729,'MO Store'!$A:$A,0)) -> Flagship | I729: AXA0 | J729: CHRISTOPHER WEIDNER | K729: 0 | L729: 0 | M729: 0 | N729: 0 | O729: 0 | P729: 0 | Q729: 0 | R729: 0 | S729: 0 | T729: 0 | U729: 0 | V729: 0 | W729: 0 | X729: 0 | Y729: 0 | Z729: 1.1
A730: =INDEX('MO Store'!D:D,MATCH('Week Wise OT Hours'!$G730,'MO Store'!$A:$A,0)) -> Anthony Galichet | B730: =INDEX('MO Store'!F:F,MATCH('Week Wise OT Hours'!$G730,'MO Store'!$A:$A,0)) -> Romio Hamdar | C730: =INDEX('MO Store'!G:G,MATCH('Week Wise OT Hours'!$G730,'MO Store'!$A:$A,0)) -> Isreal Gomez- Level Up | D730: =INDEX('MO Store'!E:E,MATCH('Week Wise OT Hours'!$G730,'MO Store'!$A:$A,0)) -> Brittanie Braggs | E730: =INDEX('MO Store'!B:B,MATCH('Week Wise OT Hours'!$G730,'MO Store'!$A:$A,0)) -> Houston East | F730: =INDEX('MO Store'!C:C,MATCH('Week Wise OT Hours'!$G730,'MO Store'!$A:$A,0)) -> Falls Creek Humble | G730: 176028 | H730: =INDEX('MO Store'!I:I,MATCH('Week Wise OT Hours'!$G730,'MO Store'!$A:$A,0)) -> Battleship | I730: AWWU | J730: AYIANA ROSADO BATISTA | K730: 0 | L730: 0 | M730: 0 | N730: 0 | O730: 0 | P730: 4 | Q730: 0 | R730: 0 | S730: 0 | T730: 0 | U730: 0.88 | V730: 0 | W730: 0 | X730: 0 | Y730: 0 | Z730: 0.5
A731: =INDEX('MO Store'!D:D,MATCH('Week Wise OT Hours'!$G731,'MO Store'!$A:$A,0)) -> Anthony Galichet | B731: =INDEX('MO Store'!F:F,MATCH('Week Wise OT Hours'!$G731,'MO Store'!$A:$A,0)) -> Romio Hamdar | C731: =INDEX('MO Store'!G:G,MATCH('Week Wise OT Hours'!$G731,'MO Store'!$A:$A,0)) -> Suhail Ishaq | D731: =INDEX('MO Store'!E:E,MATCH('Week Wise OT Hours'!$G731,'MO Store'!$A:$A,0)) -> Brittanie Braggs | E731: =INDEX('MO Store'!B:B,MATCH('Week Wise OT Hours'!$G731,'MO Store'!$A:$A,0)) -> Houston North East | F731: =INDEX('MO Store'!C:C,MATCH('Week Wise OT Hours'!$G731,'MO Store'!$A:$A,0)) -> Richmond (River Park) | G731: 174110 | H731: =INDEX('MO Store'!I:I,MATCH('Week Wise OT Hours'!$G731,'MO Store'!$A:$A,0)) -> Regular | I731: AX8N | J731: ISAAC GAVAN | K731: 0 | L731: 0 | M731: 0 | N731: 0 | O731: 0 | P731: 0 | Q731: 0 | R731: 0 | S731: 0 | T731: 0 | U731: 0 | V731: 0 | W731: 0 | X731: 0 | Y731: 0
A732: =INDEX('MO Store'!D:D,MATCH('Week Wise OT Hours'!$G732,'MO Store'!$A:$A,0)) -> Anthony Galichet | B732: =INDEX('MO Store'!F:F,MATCH('Week Wise OT Hours'!$G732,'MO Store'!$A:$A,0)) -> No SD | C732: =INDEX('MO Store'!G:G,MATCH('Week Wise OT Hours'!$G732,'MO Store'!$A:$A,0)) -> Jayme Roraff | D732: =INDEX('MO Store'!E:E,MATCH('Week Wise OT Hours'!$G732,'MO Store'!$A:$A,0)) -> Brittanie Braggs | E732: =INDEX('MO Store'!B:B,MATCH('Week Wise OT Hours'!$G732,'MO Store'!$A:$A,0)) -> Wisconsin West | F732: =INDEX('MO Store'!C:C,MATCH('Week Wise OT Hours'!$G732,'MO Store'!$A:$A,0)) -> Tomah Buan Street | G732: 180228 | H732: =INDEX('MO Store'!I:I,MATCH('Week Wise OT Hours'!$G732,'MO Store'!$A:$A,0)) -> Battleship | I732: AX92 | J732: MARKUS KELLY | K732: 0 | L732: 0.6 | M732: 0.34 | N732: 0 | O732: 0 | P732: 0 | Q732: 0.27 | R732: 3.75 | S732: 2.4 | T732: 3.14 | U732: 0.45 | V732: 5.45 | W732: 0 | X732: 7.17 | Y732: 3.51
A733: =INDEX('MO Store'!D:D,MATCH('Week Wise OT Hours'!$G733,'MO Store'!$A:$A,0)) -> Anthony Galichet | B733: =INDEX('MO Store'!F:F,MATCH('Week Wise OT Hours'!$G733,'MO Store'!$A:$A,0)) -> Romio Hamdar | C733: =INDEX('MO Store'!G:G,MATCH('Week Wise OT Hours'!$G733,'MO Store'!$A:$A,0)) -> Veronica Ramos | D733: =INDEX('MO Store'!E:E,MATCH('Week Wise OT Hours'!$G733,'MO Store'!$A:$A,0)) -> Brittanie Braggs | E733: =INDEX('MO Store'!B:B,MATCH('Week Wise OT Hours'!$G733,'MO Store'!$A:$A,0)) -> San Antonio/Laredo | F733: =INDEX('MO Store'!C:C,MATCH('Week Wise OT Hours'!$G733,'MO Store'!$A:$A,0)) -> Uvalde | G733: 215747 | H733: =INDEX('MO Store'!I:I,MATCH('Week Wise OT Hours'!$G733,'MO Store'!$A:$A,0)) -> Flagship | I733: AXDW | J733: CAMERON MCLEAN | K733: 0 | L733: 0 | M733: 0 | N733: 0 | O733: 0 | P733: 0 | Q733: 0 | R733: 0 | S733: 0 | T733: 0 | U733: 0 | V733: 0 | W733: 0 | X733: 0 | Y733: 2.69
A734: =INDEX('MO Store'!D:D,MATCH('Week Wise OT Hours'!$G734,'MO Store'!$A:$A,0)) -> Anthony Galichet | B734: =INDEX('MO Store'!F:F,MATCH('Week Wise OT Hours'!$G734,'MO Store'!$A:$A,0)) -> Romio Hamdar | C734: =INDEX('MO Store'!G:G,MATCH('Week Wise OT Hours'!$G734,'MO Store'!$A:$A,0)) -> Colorado Market - No TM | D734: =INDEX('MO Store'!E:E,MATCH('Week Wise OT Hours'!$G734,'MO Store'!$A:$A,0)) -> Brittanie Braggs | E734: =INDEX('MO Store'!B:B,MATCH('Week Wise OT Hours'!$G734,'MO Store'!$A:$A,0)) -> Colorado | F734: =INDEX('MO Store'!C:C,MATCH('Week Wise OT Hours'!$G734,'MO Store'!$A:$A,0)) -> Interquest | G734: 241356 | H734: =INDEX('MO Store'!I:I,MATCH('Week Wise OT Hours'!$G734,'MO Store'!$A:$A,0)) -> Regular | I734: AX84 | J734: DAVID MURILLO | K734: 0 | L734: 0 | M734: 0 | N734: 0 | O734: 0 | P734: 0 | Q734: 0 | R734: 0 | S734: 0 | T734: 0 | U734: 0 | V734: 1.23 | W734: 0 | X734: 0 | Y734: 2.78
A735: =INDEX('MO Store'!D:D,MATCH('Week Wise OT Hours'!$G735,'MO Store'!$A:$A,0)) -> Anthony Galichet | B735: =INDEX('MO Store'!F:F,MATCH('Week Wise OT Hours'!$G735,'MO Store'!$A:$A,0)) -> No SD | C735: =INDEX('MO Store'!G:G,MATCH('Week Wise OT Hours'!$G735,'MO Store'!$A:$A,0)) -> Jayme Roraff | D735: =INDEX('MO Store'!E:E,MATCH('Week Wise OT Hours'!$G735,'MO Store'!$A:$A,0)) -> Brittanie Braggs | E735: =INDEX('MO Store'!B:B,MATCH('Week Wise OT Hours'!$G735,'MO Store'!$A:$A,0)) -> Wisconsin East | F735: =INDEX('MO Store'!C:C,MATCH('Week Wise OT Hours'!$G735,'MO Store'!$A:$A,0)) -> Sturgeon Bay | G735: 240558 | H735: =INDEX('MO Store'!I:I,MATCH('Week Wise OT Hours'!$G735,'MO Store'!$A:$A,0)) -> Regular | I735: AXCY | J735: CHELSIE TYSON | K735: 0 | L735: 0 | M735: 0 | N735: 0 | O735: 0 | P735: 0 | Q735: 0 | R735: 7.51 | S735: 0 | T735: 0 | U735: 0 | V735: 6.36 | W735: 0 | X735: 0 | Y735: 0.83
A736: =INDEX('MO Store'!D:D,MATCH('Week Wise OT Hours'!$G736,'MO Store'!$A:$A,0)) -> Anthony Galichet | B736: =INDEX('MO Store'!F:F,MATCH('Week Wise OT Hours'!$G736,'MO Store'!$A:$A,0)) -> Romio Hamdar | C736: =INDEX('MO Store'!G:G,MATCH('Week Wise OT Hours'!$G736,'MO Store'!$A:$A,0)) -> Austin TM | D736: =INDEX('MO Store'!E:E,MATCH('Week Wise OT Hours'!$G736,'MO Store'!$A:$A,0)) -> Brittanie Braggs | E736: =INDEX('MO Store'!B:B,MATCH('Week Wise OT Hours'!$G736,'MO Store'!$A:$A,0)) -> Austin | F736: =INDEX('MO Store'!C:C,MATCH('Week Wise OT Hours'!$G736,'MO Store'!$A:$A,0)) -> OLTORF | G736: 176020 | H736: =INDEX('MO Store'!I:I,MATCH('Week Wise OT Hours'!$G736,'MO Store'!$A:$A,0)) -> Regular | I736: AWB2 | J736: JOEL FLORES | K736: 0 | L736: 0 | M736: 0 | N736: 0 | O736: 0 | P736: 0 | Q736: 0 | R736: 0 | S736: 0 | T736: 0 | U736: 0 | V736: 0 | W736: 0 | X736: 0 | Y736: 5.25
A737: =INDEX('MO Store'!D:D,MATCH('Week Wise OT Hours'!$G737,'MO Store'!$A:$A,0)) -> Anthony Galichet | B737: =INDEX('MO Store'!F:F,MATCH('Week Wise OT Hours'!$G737,'MO Store'!$A:$A,0)) -> Romio Hamdar | C737: =INDEX('MO Store'!G:G,MATCH('Week Wise OT Hours'!$G737,'MO Store'!$A:$A,0)) -> Carlos Ayala-Level Up | D737: =INDEX('MO Store'!E:E,MATCH('Week Wise OT Hours'!$G737,'MO Store'!$A:$A,0)) -> Brittanie Braggs | E737: =INDEX('MO Store'!B:B,MATCH('Week Wise OT Hours'!$G737,'MO Store'!$A:$A,0)) -> Houston South West | F737: =INDEX('MO Store'!C:C,MATCH('Week Wise OT Hours'!$G737,'MO Store'!$A:$A,0)) -> Little York Rd | G737: 217138 | H737: =INDEX('MO Store'!I:I,MATCH('Week Wise OT Hours'!$G737,'MO Store'!$A:$A,0)) -> Regular | I737: AWXR | J737: JESUS CHAVEZ | K737: 0 | L737: 0 | M737: 0.18 | N737: 5.93 | O737: 4.48 | P737: 0 | Q737: 10.52 | R737: 0 | S737: 0 | T737: 0.26 | U737: 0 | V737: 0 | W737: 1.99 | X737: 0.04
A738: =INDEX('MO Store'!D:D,MATCH('Week Wise OT Hours'!$G738,'MO Store'!$A:$A,0)) -> Anthony Galichet | B738: =INDEX('MO Store'!F:F,MATCH('Week Wise OT Hours'!$G738,'MO Store'!$A:$A,0)) -> Romio Hamdar | C738: =INDEX('MO Store'!G:G,MATCH('Week Wise OT Hours'!$G738,'MO Store'!$A:$A,0)) -> Suhail Ishaq | D738: =INDEX('MO Store'!E:E,MATCH('Week Wise OT Hours'!$G738,'MO Store'!$A:$A,0)) -> Brittanie Braggs | E738: =INDEX('MO Store'!B:B,MATCH('Week Wise OT Hours'!$G738,'MO Store'!$A:$A,0)) -> Houston North East | F738: =INDEX('MO Store'!C:C,MATCH('Week Wise OT Hours'!$G738,'MO Store'!$A:$A,0)) -> Midtown | G738: 176027 | H738: =INDEX('MO Store'!I:I,MATCH('Week Wise OT Hours'!$G738,'MO Store'!$A:$A,0)) -> Battleship | I738: AXAM | J738: JOSE SANCHEZ | K738: 2.31 | L738: 0 | M738: 1.05 | N738: 0 | O738: 0 | P738: 0 | Q738: 0 | R738: 0 | S738: 0 | T738: 0.02 | U738: 0.51 | V738: 0 | W738: 0 | X738: 0
A739: =INDEX('MO Store'!D:D,MATCH('Week Wise OT Hours'!$G739,'MO Store'!$A:$A,0)) -> Anthony Galichet | B739: =INDEX('MO Store'!F:F,MATCH('Week Wise OT Hours'!$G739,'MO Store'!$A:$A,0)) -> Romio Hamdar | C739: =INDEX('MO Store'!G:G,MATCH('Week Wise OT Hours'!$G739,'MO Store'!$A:$A,0)) -> Carlos Ayala-Level Up | D739: =INDEX('MO Store'!E:E,MATCH('Week Wise OT Hours'!$G739,'MO Store'!$A:$A,0)) -> Brittanie Braggs | E739: =INDEX('MO Store'!B:B,MATCH('Week Wise OT Hours'!$G739,'MO Store'!$A:$A,0)) -> Houston South West | F739: =INDEX('MO Store'!C:C,MATCH('Week Wise OT Hours'!$G739,'MO Store'!$A:$A,0)) -> The Grid | G739: 209858 | H739: =INDEX('MO Store'!I:I,MATCH('Week Wise OT Hours'!$G739,'MO Store'!$A:$A,0)) -> Battleship | I739: AX4H | J739: ZIVIA HODGE | K739: 0 | L739: 0 | M739: 0 | N739: 0 | O739: 0 | P739: 0 | Q739: 0 | R739: 0 | S739: 6.55 | T739: 0 | U739: 0 | V739: 7.39 | W739: 3.78 | X739: 0
A740: =INDEX('MO Store'!D:D,MATCH('Week Wise OT Hours'!$G740,'MO Store'!$A:$A,0)) -> Anthony Galichet | B740: =INDEX('MO Store'!F:F,MATCH('Week Wise OT Hours'!$G740,'MO Store'!$A:$A,0)) -> Romio Hamdar | C740: =INDEX('MO Store'!G:G,MATCH('Week Wise OT Hours'!$G740,'MO Store'!$A:$A,0)) -> Colorado Market - No TM | D740: =INDEX('MO Store'!E:E,MATCH('Week Wise OT Hours'!$G740,'MO Store'!$A:$A,0)) -> Brittanie Braggs | E740: =INDEX('MO Store'!B:B,MATCH('Week Wise OT Hours'!$G740,'MO Store'!$A:$A,0)) -> Colorado | F740: =INDEX('MO Store'!C:C,MATCH('Week Wise OT Hours'!$G740,'MO Store'!$A:$A,0)) -> Interquest | G740: 241356 | H740: =INDEX('MO Store'!I:I,MATCH('Week Wise OT Hours'!$G740,'MO Store'!$A:$A,0)) -> Regular | I740: AXFG | J740: MICHAEL MARTINEZ | K740: 0 | L740: 0 | M740: 2.62 | N740: 0 | O740: 3.01 | P740: 4.18 | Q740: 9.36 | R740: 7.28 | S740: 2.87 | T740: 1.86 | U740: 0.91 | V740: 0 | W740: 1.17 | X740: 0
A741: =INDEX('MO Store'!D:D,MATCH('Week Wise OT Hours'!$G741,'MO Store'!$A:$A,0)) -> Anthony Galichet | B741: =INDEX('MO Store'!F:F,MATCH('Week Wise OT Hours'!$G741,'MO Store'!$A:$A,0)) -> Romio Hamdar | C741: =INDEX('MO Store'!G:G,MATCH('Week Wise OT Hours'!$G741,'MO Store'!$A:$A,0)) -> Suhail Ishaq | D741: =INDEX('MO Store'!E:E,MATCH('Week Wise OT Hours'!$G741,'MO Store'!$A:$A,0)) -> Brittanie Braggs | E741: =INDEX('MO Store'!B:B,MATCH('Week Wise OT Hours'!$G741,'MO Store'!$A:$A,0)) -> Houston North East | F741: =INDEX('MO Store'!C:C,MATCH('Week Wise OT Hours'!$G741,'MO Store'!$A:$A,0)) -> Missouri City | G741: 174113 | H741: =INDEX('MO Store'!I:I,MATCH('Week Wise OT Hours'!$G741,'MO Store'!$A:$A,0)) -> Regular | I741: AX8O | J741: MODOU SANYANG | K741: 0 | L741: 0.53 | M741: 0 | N741: 0 | O741: 8.78 | P741: 4.55 | Q741: 6.58 | R741: 2.89 | S741: 0 | T741: 0 | U741: 0 | V741: 0 | W741: 0.05 | X741: 0
A742: =INDEX('MO Store'!D:D,MATCH('Week Wise OT Hours'!$G742,'MO Store'!$A:$A,0)) -> Anthony Galichet | B742: =INDEX('MO Store'!F:F,MATCH('Week Wise OT Hours'!$G742,'MO Store'!$A:$A,0)) -> No SD | C742: =INDEX('MO Store'!G:G,MATCH('Week Wise OT Hours'!$G742,'MO Store'!$A:$A,0)) -> Susu Leong | D742: =INDEX('MO Store'!E:E,MATCH('Week Wise OT Hours'!$G742,'MO Store'!$A:$A,0)) -> Brittanie Braggs | E742: =INDEX('MO Store'!B:B,MATCH('Week Wise OT Hours'!$G742,'MO Store'!$A:$A,0)) -> Arizona | F742: =INDEX('MO Store'!C:C,MATCH('Week Wise OT Hours'!$G742,'MO Store'!$A:$A,0)) -> Buffalo Spot | G742: 178109 | H742: =INDEX('MO Store'!I:I,MATCH('Week Wise OT Hours'!$G742,'MO Store'!$A:$A,0)) -> Battleship | I742: AX80 | J742: MARIANA GUTIERREZ PAYAN | K742: 0 | L742: 0 | M742: 0 | N742: 0 | O742: 0 | P742: 0 | Q742: 0 | R742: 0 | S742: 0 | T742: 0 | U742: 0 | V742: 0 | W742: 1.59
A743: =INDEX('MO Store'!D:D,MATCH('Week Wise OT Hours'!$G743,'MO Store'!$A:$A,0)) -> Anthony Galichet | B743: =INDEX('MO Store'!F:F,MATCH('Week Wise OT Hours'!$G743,'MO Store'!$A:$A,0)) -> Romio Hamdar | C743: =INDEX('MO Store'!G:G,MATCH('Week Wise OT Hours'!$G743,'MO Store'!$A:$A,0)) -> Austin TM | D743: =INDEX('MO Store'!E:E,MATCH('Week Wise OT Hours'!$G743,'MO Store'!$A:$A,0)) -> Brittanie Braggs | E743: =INDEX('MO Store'!B:B,MATCH('Week Wise OT Hours'!$G743,'MO Store'!$A:$A,0)) -> Austin | F743: =INDEX('MO Store'!C:C,MATCH('Week Wise OT Hours'!$G743,'MO Store'!$A:$A,0)) -> Rutland | G743: 152336 | H743: =INDEX('MO Store'!I:I,MATCH('Week Wise OT Hours'!$G743,'MO Store'!$A:$A,0)) -> Regular | I743: AXGA | J743: MARÃA CARRILLO | K743: 0 | L743: 0.12 | M743: 0 | N743: 0 | O743: 0 | P743: 0 | Q743: 0.91 | R743: 0 | S743: 0 | T743: 0 | U743: 0 | V743: 0.54
A744: =INDEX('MO Store'!D:D,MATCH('Week Wise OT Hours'!$G744,'MO Store'!$A:$A,0)) -> Anthony Galichet | B744: =INDEX('MO Store'!F:F,MATCH('Week Wise OT Hours'!$G744,'MO Store'!$A:$A,0)) -> No SD | C744: =INDEX('MO Store'!G:G,MATCH('Week Wise OT Hours'!$G744,'MO Store'!$A:$A,0)) -> Susu Leong | D744: =INDEX('MO Store'!E:E,MATCH('Week Wise OT Hours'!$G744,'MO Store'!$A:$A,0)) -> Brittanie Braggs | E744: =INDEX('MO Store'!B:B,MATCH('Week Wise OT Hours'!$G744,'MO Store'!$A:$A,0)) -> Arizona | F744: =INDEX('MO Store'!C:C,MATCH('Week Wise OT Hours'!$G744,'MO Store'!$A:$A,0)) -> The Groves | G744: 211579 | H744: =INDEX('MO Store'!I:I,MATCH('Week Wise OT Hours'!$G744,'MO Store'!$A:$A,0)) -> Regular | I744: AXGL | J744: JIMMY GOMEZ | K744: 0 | L744: 0 | M744: 0 | N744: 0 | O744: 0 | P744: 0 | Q744: 0 | R744: 2.93 | S744: 2.97 | T744: 0 | U744: 0 | V744: 0.46
A745: =INDEX('MO Store'!D:D,MATCH('Week Wise OT Hours'!$G745,'MO Store'!$A:$A,0)) -> Anthony Galichet | B745: =INDEX('MO Store'!F:F,MATCH('Week Wise OT Hours'!$G745,'MO Store'!$A:$A,0)) -> Romio Hamdar | C745: =INDEX('MO Store'!G:G,MATCH('Week Wise OT Hours'!$G745,'MO Store'!$A:$A,0)) -> Colorado Market - No TM | D745: =INDEX('MO Store'!E:E,MATCH('Week Wise OT Hours'!$G745,'MO Store'!$A:$A,0)) -> Brittanie Braggs | E745: =INDEX('MO Store'!B:B,MATCH('Week Wise OT Hours'!$G745,'MO Store'!$A:$A,0)) -> Colorado | F745: =INDEX('MO Store'!C:C,MATCH('Week Wise OT Hours'!$G745,'MO Store'!$A:$A,0)) -> Briargate | G745: 178937 | H745: =INDEX('MO Store'!I:I,MATCH('Week Wise OT Hours'!$G745,'MO Store'!$A:$A,0)) -> Regular | I745: AXDU | J745: JACOB MILLER | K745: 0 | L745: 0 | M745: 0 | N745: 0 | O745: 0 | P745: 7.87 | Q745: 8 | R745: 9.4 | S745: 16.66 | T745: 14.7 | U745: 18.49 | V745: 5.56
A746: =INDEX('MO Store'!D:D,MATCH('Week Wise OT Hours'!$G746,'MO Store'!$A:$A,0)) -> Anthony Galichet | B746: =INDEX('MO Store'!F:F,MATCH('Week Wise OT Hours'!$G746,'MO Store'!$A:$A,0)) -> Romio Hamdar | C746: =INDEX('MO Store'!G:G,MATCH('Week Wise OT Hours'!$G746,'MO Store'!$A:$A,0)) -> Veronica Ramos | D746: =INDEX('MO Store'!E:E,MATCH('Week Wise OT Hours'!$G746,'MO Store'!$A:$A,0)) -> Brittanie Braggs | E746: =INDEX('MO Store'!B:B,MATCH('Week Wise OT Hours'!$G746,'MO Store'!$A:$A,0)) -> San Antonio/Laredo | F746: =INDEX('MO Store'!C:C,MATCH('Week Wise OT Hours'!$G746,'MO Store'!$A:$A,0)) -> Uvalde | G746: 215747 | H746: =INDEX('MO Store'!I:I,MATCH('Week Wise OT Hours'!$G746,'MO Store'!$A:$A,0)) -> Flagship | I746: AXHP | J746: SEBASTIAN PEREZ | K746: 0 | L746: 0 | M746: 0 | N746: 0 | O746: 0 | P746: 0 | Q746: 0 | R746: 0 | S746: 0 | T746: 0 | U746: 0 | V746: 4.03
A747: =INDEX('MO Store'!D:D,MATCH('Week Wise OT Hours'!$G747,'MO Store'!$A:$A,0)) -> Anthony Galichet | B747: =INDEX('MO Store'!F:F,MATCH('Week Wise OT Hours'!$G747,'MO Store'!$A:$A,0)) -> No SD | C747: =INDEX('MO Store'!G:G,MATCH('Week Wise OT Hours'!$G747,'MO Store'!$A:$A,0)) -> Susu Leong | D747: =INDEX('MO Store'!E:E,MATCH('Week Wise OT Hours'!$G747,'MO Store'!$A:$A,0)) -> Brittanie Braggs | E747: =INDEX('MO Store'!B:B,MATCH('Week Wise OT Hours'!$G747,'MO Store'!$A:$A,0)) -> Arizona | F747: =INDEX('MO Store'!C:C,MATCH('Week Wise OT Hours'!$G747,'MO Store'!$A:$A,0)) -> The Groves | G747: 211579 | H747: =INDEX('MO Store'!I:I,MATCH('Week Wise OT Hours'!$G747,'MO Store'!$A:$A,0)) -> Regular | I747: AXC3 | J747: EDDIE DIAZ | K747: 0 | L747: 2.53 | M747: 0 | N747: 0 | O747: 0 | P747: 6.58 | Q747: 0.13 | R747: 0 | S747: 0 | T747: 5.31 | U747: 0.67
A748: =INDEX('MO Store'!D:D,MATCH('Week Wise OT Hours'!$G748,'MO Store'!$A:$A,0)) -> Anthony Galichet | B748: =INDEX('MO Store'!F:F,MATCH('Week Wise OT Hours'!$G748,'MO Store'!$A:$A,0)) -> Romio Hamdar | C748: =INDEX('MO Store'!G:G,MATCH('Week Wise OT Hours'!$G748,'MO Store'!$A:$A,0)) -> Suhail Ishaq | D748: =INDEX('MO Store'!E:E,MATCH('Week Wise OT Hours'!$G748,'MO Store'!$A:$A,0)) -> Brittanie Braggs | E748: =INDEX('MO Store'!B:B,MATCH('Week Wise OT Hours'!$G748,'MO Store'!$A:$A,0)) -> Houston North East | F748: =INDEX('MO Store'!C:C,MATCH('Week Wise OT Hours'!$G748,'MO Store'!$A:$A,0)) -> Ponderosa Forest | G748: 209868 | H748: =INDEX('MO Store'!I:I,MATCH('Week Wise OT Hours'!$G748,'MO Store'!$A:$A,0)) -> Regular | I748: AX6T | J748: SARA LYNN GREEN | K748: 0 | L748: 0 | M748: 0 | N748: 0 | O748: 0 | P748: 0 | Q748: 0.47 | R748: 0 | S748: 0 | T748: 0 | U748: 3.01
A749: =INDEX('MO Store'!D:D,MATCH('Week Wise OT Hours'!$G749,'MO Store'!$A:$A,0)) -> Anthony Galichet | B749: =INDEX('MO Store'!F:F,MATCH('Week Wise OT Hours'!$G749,'MO Store'!$A:$A,0)) -> Romio Hamdar | C749: =INDEX('MO Store'!G:G,MATCH('Week Wise OT Hours'!$G749,'MO Store'!$A:$A,0)) -> Carlos Ayala-Level Up | D749: =INDEX('MO Store'!E:E,MATCH('Week Wise OT Hours'!$G749,'MO Store'!$A:$A,0)) -> Brittanie Braggs | E749: =INDEX('MO Store'!B:B,MATCH('Week Wise OT Hours'!$G749,'MO Store'!$A:$A,0)) -> Houston South West | F749: =INDEX('MO Store'!C:C,MATCH('Week Wise OT Hours'!$G749,'MO Store'!$A:$A,0)) -> The Grid | G749: 209858 | H749: =INDEX('MO Store'!I:I,MATCH('Week Wise OT Hours'!$G749,'MO Store'!$A:$A,0)) -> Battleship | I749: AXFK | J749: TOMAS GOMEZ GUERRERO | K749: 0 | L749: 0 | M749: 0 | N749: 0 | O749: 0 | P749: 0 | Q749: 0 | R749: 0 | S749: 0 | T749: 0 | U749: 5.6
A750: =INDEX('MO Store'!D:D,MATCH('Week Wise OT Hours'!$G750,'MO Store'!$A:$A,0)) -> Anthony Galichet | B750: =INDEX('MO Store'!F:F,MATCH('Week Wise OT Hours'!$G750,'MO Store'!$A:$A,0)) -> Romio Hamdar | C750: =INDEX('MO Store'!G:G,MATCH('Week Wise OT Hours'!$G750,'MO Store'!$A:$A,0)) -> Carlos Ayala-Level Up | D750: =INDEX('MO Store'!E:E,MATCH('Week Wise OT Hours'!$G750,'MO Store'!$A:$A,0)) -> Brittanie Braggs | E750: =INDEX('MO Store'!B:B,MATCH('Week Wise OT Hours'!$G750,'MO Store'!$A:$A,0)) -> Houston South West | F750: =INDEX('MO Store'!C:C,MATCH('Week Wise OT Hours'!$G750,'MO Store'!$A:$A,0)) -> Little York Rd | G750: 217138 | H750: =INDEX('MO Store'!I:I,MATCH('Week Wise OT Hours'!$G750,'MO Store'!$A:$A,0)) -> Regular | I750: AXG6 | J750: JESUS QUINTANA | K750: 0 | L750: 0 | M750: 0 | N750: 0 | O750: 0 | P750: 0 | Q750: 0 | R750: 1.19 | S750: 0 | T750: 0 | U750: 0.46
A751: =INDEX('MO Store'!D:D,MATCH('Week Wise OT Hours'!$G751,'MO Store'!$A:$A,0)) -> Anthony Galichet | B751: =INDEX('MO Store'!F:F,MATCH('Week Wise OT Hours'!$G751,'MO Store'!$A:$A,0)) -> No SD | C751: =INDEX('MO Store'!G:G,MATCH('Week Wise OT Hours'!$G751,'MO Store'!$A:$A,0)) -> Jayme Roraff | D751: =INDEX('MO Store'!E:E,MATCH('Week Wise OT Hours'!$G751,'MO Store'!$A:$A,0)) -> Brittanie Braggs | E751: =INDEX('MO Store'!B:B,MATCH('Week Wise OT Hours'!$G751,'MO Store'!$A:$A,0)) -> Wisconsin West | F751: =INDEX('MO Store'!C:C,MATCH('Week Wise OT Hours'!$G751,'MO Store'!$A:$A,0)) -> PLOVER | G751: 207760 | H751: =INDEX('MO Store'!I:I,MATCH('Week Wise OT Hours'!$G751,'MO Store'!$A:$A,0)) -> Flagship | I751: A7FX | J751: SUSANA RODRIGUEZ MATA | K751: 0 | L751: 0 | M751: 0.24 | N751: 0 | O751: 0 | P751: 2.65 | Q751: 0 | R751: 0.14 | S751: 0 | T751: 0 | U751: 0.83
A752: =INDEX('MO Store'!D:D,MATCH('Week Wise OT Hours'!$G752,'MO Store'!$A:$A,0)) -> Anthony Galichet | B752: =INDEX('MO Store'!F:F,MATCH('Week Wise OT Hours'!$G752,'MO Store'!$A:$A,0)) -> Romio Hamdar | C752: =INDEX('MO Store'!G:G,MATCH('Week Wise OT Hours'!$G752,'MO Store'!$A:$A,0)) -> Veronica Ramos | D752: =INDEX('MO Store'!E:E,MATCH('Week Wise OT Hours'!$G752,'MO Store'!$A:$A,0)) -> Brittanie Braggs | E752: =INDEX('MO Store'!B:B,MATCH('Week Wise OT Hours'!$G752,'MO Store'!$A:$A,0)) -> San Antonio/Laredo | F752: =INDEX('MO Store'!C:C,MATCH('Week Wise OT Hours'!$G752,'MO Store'!$A:$A,0)) -> DEL RIO | G752: 207754 | H752: =INDEX('MO Store'!I:I,MATCH('Week Wise OT Hours'!$G752,'MO Store'!$A:$A,0)) -> Flagship | I752: AX7P | J752: FERNANDO GARZA | K752: 0 | L752: 0 | M752: 0 | N752: 0 | O752: 0 | P752: 0 | Q752: 0 | R752: 0 | S752: 0 | T752: 1.53
A753: =INDEX('MO Store'!D:D,MATCH('Week Wise OT Hours'!$G753,'MO Store'!$A:$A,0)) -> Anthony Galichet | B753: =INDEX('MO Store'!F:F,MATCH('Week Wise OT Hours'!$G753,'MO Store'!$A:$A,0)) -> Romio Hamdar | C753: =INDEX('MO Store'!G:G,MATCH('Week Wise OT Hours'!$G753,'MO Store'!$A:$A,0)) -> Colorado Market - No TM | D753: =INDEX('MO Store'!E:E,MATCH('Week Wise OT Hours'!$G753,'MO Store'!$A:$A,0)) -> Brittanie Braggs | E753: =INDEX('MO Store'!B:B,MATCH('Week Wise OT Hours'!$G753,'MO Store'!$A:$A,0)) -> Colorado | F753: =INDEX('MO Store'!C:C,MATCH('Week Wise OT Hours'!$G753,'MO Store'!$A:$A,0)) -> Sand Hill | G753: 195709 | H753: =INDEX('MO Store'!I:I,MATCH('Week Wise OT Hours'!$G753,'MO Store'!$A:$A,0)) -> Focus | I753: AXIT | J753: PEDRO MONJARAZ | K753: 0 | L753: 0.35 | M753: 0 | N753: 0 | O753: 4.28 | P753: 0 | Q753: 0 | R753: 0 | S753: 0 | T753: 3.53
A754: =INDEX('MO Store'!D:D,MATCH('Week Wise OT Hours'!$G754,'MO Store'!$A:$A,0)) -> Anthony Galichet | B754: =INDEX('MO Store'!F:F,MATCH('Week Wise OT Hours'!$G754,'MO Store'!$A:$A,0)) -> Romio Hamdar | C754: =INDEX('MO Store'!G:G,MATCH('Week Wise OT Hours'!$G754,'MO Store'!$A:$A,0)) -> Suhail Ishaq | D754: =INDEX('MO Store'!E:E,MATCH('Week Wise OT Hours'!$G754,'MO Store'!$A:$A,0)) -> Brittanie Braggs | E754: =INDEX('MO Store'!B:B,MATCH('Week Wise OT Hours'!$G754,'MO Store'!$A:$A,0)) -> Houston North East | F754: =INDEX('MO Store'!C:C,MATCH('Week Wise OT Hours'!$G754,'MO Store'!$A:$A,0)) -> Midtown | G754: 176027 | H754: =INDEX('MO Store'!I:I,MATCH('Week Wise OT Hours'!$G754,'MO Store'!$A:$A,0)) -> Battleship | I754: AXAN | J754: PERLA VALLE | K754: 0 | L754: 0 | M754: 0 | N754: 0.99 | O754: 0 | P754: 0 | Q754: 0 | R754: 0 | S754: 0 | T754: 0
A755: =INDEX('MO Store'!D:D,MATCH('Week Wise OT Hours'!$G755,'MO Store'!$A:$A,0)) -> Anthony Galichet | B755: =INDEX('MO Store'!F:F,MATCH('Week Wise OT Hours'!$G755,'MO Store'!$A:$A,0)) -> No SD | C755: =INDEX('MO Store'!G:G,MATCH('Week Wise OT Hours'!$G755,'MO Store'!$A:$A,0)) -> Susu Leong | D755: =INDEX('MO Store'!E:E,MATCH('Week Wise OT Hours'!$G755,'MO Store'!$A:$A,0)) -> Brittanie Braggs | E755: =INDEX('MO Store'!B:B,MATCH('Week Wise OT Hours'!$G755,'MO Store'!$A:$A,0)) -> Arizona | F755: =INDEX('MO Store'!C:C,MATCH('Week Wise OT Hours'!$G755,'MO Store'!$A:$A,0)) -> MIDVALE PLAZA | G755: 216515 | H755: =INDEX('MO Store'!I:I,MATCH('Week Wise OT Hours'!$G755,'MO Store'!$A:$A,0)) -> Regular | I755: AWRR | J755: FRANCISCO SOLIS | K755: 0 | L755: 0 | M755: 0.24 | N755: 0 | O755: 0 | P755: 0 | Q755: 0 | R755: 0 | S755: 5.96 | T755: 0
A756: =INDEX('MO Store'!D:D,MATCH('Week Wise OT Hours'!$G756,'MO Store'!$A:$A,0)) -> Anthony Galichet | B756: =INDEX('MO Store'!F:F,MATCH('Week Wise OT Hours'!$G756,'MO Store'!$A:$A,0)) -> No SD | C756: =INDEX('MO Store'!G:G,MATCH('Week Wise OT Hours'!$G756,'MO Store'!$A:$A,0)) -> Jayme Roraff | D756: =INDEX('MO Store'!E:E,MATCH('Week Wise OT Hours'!$G756,'MO Store'!$A:$A,0)) -> Brittanie Braggs | E756: =INDEX('MO Store'!B:B,MATCH('Week Wise OT Hours'!$G756,'MO Store'!$A:$A,0)) -> Wisconsin East | F756: =INDEX('MO Store'!C:C,MATCH('Week Wise OT Hours'!$G756,'MO Store'!$A:$A,0)) -> WAUKESHA | G756: 176115 | H756: =INDEX('MO Store'!I:I,MATCH('Week Wise OT Hours'!$G756,'MO Store'!$A:$A,0)) -> Regular | I756: AX90 | J756: JIMAUNTE WATSON | K756: 0 | L756: 0 | M756: 0 | N756: 0 | O756: 4.3 | P756: 0 | Q756: 3.1 | R756: 0 | S756: 8.42 | T756: 0
A757: =INDEX('MO Store'!D:D,MATCH('Week Wise OT Hours'!$G757,'MO Store'!$A:$A,0)) -> Anthony Galichet | B757: =INDEX('MO Store'!F:F,MATCH('Week Wise OT Hours'!$G757,'MO Store'!$A:$A,0)) -> Romio Hamdar | C757: =INDEX('MO Store'!G:G,MATCH('Week Wise OT Hours'!$G757,'MO Store'!$A:$A,0)) -> Isreal Gomez- Level Up | D757: =INDEX('MO Store'!E:E,MATCH('Week Wise OT Hours'!$G757,'MO Store'!$A:$A,0)) -> Brittanie Braggs | E757: =INDEX('MO Store'!B:B,MATCH('Week Wise OT Hours'!$G757,'MO Store'!$A:$A,0)) -> Houston East | F757: =INDEX('MO Store'!C:C,MATCH('Week Wise OT Hours'!$G757,'MO Store'!$A:$A,0)) -> Baytown | G757: 219201 | H757: =INDEX('MO Store'!I:I,MATCH('Week Wise OT Hours'!$G757,'MO Store'!$A:$A,0)) -> Regular | I757: AXIN | J757: DONOVAN RODRIGUEZ | K757: 0 | L757: 0 | M757: 0 | N757: 0 | O757: 0 | P757: 0 | Q757: 0 | R757: 4.12 | S757: 1.21 | T757: 0
A758: =INDEX('MO Store'!D:D,MATCH('Week Wise OT Hours'!$G758,'MO Store'!$A:$A,0)) -> Anthony Galichet | B758: =INDEX('MO Store'!F:F,MATCH('Week Wise OT Hours'!$G758,'MO Store'!$A:$A,0)) -> No SD | C758: =INDEX('MO Store'!G:G,MATCH('Week Wise OT Hours'!$G758,'MO Store'!$A:$A,0)) -> Susu Leong | D758: =INDEX('MO Store'!E:E,MATCH('Week Wise OT Hours'!$G758,'MO Store'!$A:$A,0)) -> Brittanie Braggs | E758: =INDEX('MO Store'!B:B,MATCH('Week Wise OT Hours'!$G758,'MO Store'!$A:$A,0)) -> Arizona | F758: =INDEX('MO Store'!C:C,MATCH('Week Wise OT Hours'!$G758,'MO Store'!$A:$A,0)) -> The Groves | G758: 211579 | H758: =INDEX('MO Store'!I:I,MATCH('Week Wise OT Hours'!$G758,'MO Store'!$A:$A,0)) -> Regular | I758: AXH7 | J758: ADAN BARAHONA | K758: 8.74 | L758: 0 | M758: 1.2 | N758: 0 | O758: 8.21 | P758: 0 | Q758: 3.58 | R758: 0.31 | S758: 0.75 | T758: 0
A759: =INDEX('MO Store'!D:D,MATCH('Week Wise OT Hours'!$G759,'MO Store'!$A:$A,0)) -> Anthony Galichet | B759: =INDEX('MO Store'!F:F,MATCH('Week Wise OT Hours'!$G759,'MO Store'!$A:$A,0)) -> Romio Hamdar | C759: =INDEX('MO Store'!G:G,MATCH('Week Wise OT Hours'!$G759,'MO Store'!$A:$A,0)) -> Veronica Ramos | D759: =INDEX('MO Store'!E:E,MATCH('Week Wise OT Hours'!$G759,'MO Store'!$A:$A,0)) -> Brittanie Braggs | E759: =INDEX('MO Store'!B:B,MATCH('Week Wise OT Hours'!$G759,'MO Store'!$A:$A,0)) -> San Antonio/Laredo | F759: =INDEX('MO Store'!C:C,MATCH('Week Wise OT Hours'!$G759,'MO Store'!$A:$A,0)) -> Laredo- Bob Bullock | G759: 164638 | H759: =INDEX('MO Store'!I:I,MATCH('Week Wise OT Hours'!$G759,'MO Store'!$A:$A,0)) -> Battleship | I759: AWJI | J759: CLARISSA FLORES | K759: 0 | L759: 0 | M759: 0 | N759: 0 | O759: 0 | P759: 0 | Q759: 0 | R759: 0 | S759: 0.24 | T759: 0
A760: =INDEX('MO Store'!D:D,MATCH('Week Wise OT Hours'!$G760,'MO Store'!$A:$A,0)) -> Anthony Galichet | B760: =INDEX('MO Store'!F:F,MATCH('Week Wise OT Hours'!$G760,'MO Store'!$A:$A,0)) -> Romio Hamdar | C760: =INDEX('MO Store'!G:G,MATCH('Week Wise OT Hours'!$G760,'MO Store'!$A:$A,0)) -> Veronica Ramos | D760: =INDEX('MO Store'!E:E,MATCH('Week Wise OT Hours'!$G760,'MO Store'!$A:$A,0)) -> Brittanie Braggs | E760: =INDEX('MO Store'!B:B,MATCH('Week Wise OT Hours'!$G760,'MO Store'!$A:$A,0)) -> San Antonio/Laredo | F760: =INDEX('MO Store'!C:C,MATCH('Week Wise OT Hours'!$G760,'MO Store'!$A:$A,0)) -> DEL RIO | G760: 207754 | H760: =INDEX('MO Store'!I:I,MATCH('Week Wise OT Hours'!$G760,'MO Store'!$A:$A,0)) -> Flagship | I760: AXC0 | J760: ADRIANA IBARRA | K760: 0 | L760: 0 | M760: 0 | N760: 0 | O760: 0 | P760: 0 | Q760: 0 | R760: 0 | S760: 0.93 | T760: 0
A761: =INDEX('MO Store'!D:D,MATCH('Week Wise OT Hours'!$G761,'MO Store'!$A:$A,0)) -> Anthony Galichet | B761: =INDEX('MO Store'!F:F,MATCH('Week Wise OT Hours'!$G761,'MO Store'!$A:$A,0)) -> Romio Hamdar | C761: =INDEX('MO Store'!G:G,MATCH('Week Wise OT Hours'!$G761,'MO Store'!$A:$A,0)) -> Suhail Ishaq | D761: =INDEX('MO Store'!E:E,MATCH('Week Wise OT Hours'!$G761,'MO Store'!$A:$A,0)) -> Brittanie Braggs | E761: =INDEX('MO Store'!B:B,MATCH('Week Wise OT Hours'!$G761,'MO Store'!$A:$A,0)) -> Houston North East | F761: =INDEX('MO Store'!C:C,MATCH('Week Wise OT Hours'!$G761,'MO Store'!$A:$A,0)) -> Fondren Village | G761: 209863 | H761: =INDEX('MO Store'!I:I,MATCH('Week Wise OT Hours'!$G761,'MO Store'!$A:$A,0)) -> Regular | I761: AXA6 | J761: JAYLYN PEREZ | K761: 0 | L761: 0 | M761: 0 | N761: 0 | O761: 0 | P761: 0.58 | Q761: 0 | R761: 0 | S761: 2.33 | T761: 0
A762: =INDEX('MO Store'!D:D,MATCH('Week Wise OT Hours'!$G762,'MO Store'!$A:$A,0)) -> Anthony Galichet | B762: =INDEX('MO Store'!F:F,MATCH('Week Wise OT Hours'!$G762,'MO Store'!$A:$A,0)) -> Romio Hamdar | C762: =INDEX('MO Store'!G:G,MATCH('Week Wise OT Hours'!$G762,'MO Store'!$A:$A,0)) -> Austin TM | D762: =INDEX('MO Store'!E:E,MATCH('Week Wise OT Hours'!$G762,'MO Store'!$A:$A,0)) -> Brittanie Braggs | E762: =INDEX('MO Store'!B:B,MATCH('Week Wise OT Hours'!$G762,'MO Store'!$A:$A,0)) -> Austin | F762: =INDEX('MO Store'!C:C,MATCH('Week Wise OT Hours'!$G762,'MO Store'!$A:$A,0)) -> OLTORF | G762: 176020 | H762: =INDEX('MO Store'!I:I,MATCH('Week Wise OT Hours'!$G762,'MO Store'!$A:$A,0)) -> Regular | I762: AXC1 | J762: MUKAI SELEKWA | K762: 0 | L762: 0 | M762: 0 | N762: 0 | O762: 0 | P762: 0 | Q762: 6.74 | R762: 0 | S762: 2.51 | T762: 0
A763: =INDEX('MO Store'!D:D,MATCH('Week Wise OT Hours'!$G763,'MO Store'!$A:$A,0)) -> Anthony Galichet | B763: =INDEX('MO Store'!F:F,MATCH('Week Wise OT Hours'!$G763,'MO Store'!$A:$A,0)) -> Romio Hamdar | C763: =INDEX('MO Store'!G:G,MATCH('Week Wise OT Hours'!$G763,'MO Store'!$A:$A,0)) -> Suhail Ishaq | D763: =INDEX('MO Store'!E:E,MATCH('Week Wise OT Hours'!$G763,'MO Store'!$A:$A,0)) -> Brittanie Braggs | E763: =INDEX('MO Store'!B:B,MATCH('Week Wise OT Hours'!$G763,'MO Store'!$A:$A,0)) -> Houston North East | F763: =INDEX('MO Store'!C:C,MATCH('Week Wise OT Hours'!$G763,'MO Store'!$A:$A,0)) -> Riverstone | G763: 207758 | H763: =INDEX('MO Store'!I:I,MATCH('Week Wise OT Hours'!$G763,'MO Store'!$A:$A,0)) -> Flagship | I763: AWTB | J763: MEKAYLA GARCIA | K763: 0 | L763: 0 | M763: 0 | N763: 0 | O763: 0 | P763: 0 | Q763: 0 | R763: 0 | S763: 0.06 | T763: 0
A764: =INDEX('MO Store'!D:D,MATCH('Week Wise OT Hours'!$G764,'MO Store'!$A:$A,0)) -> Anthony Galichet | B764: =INDEX('MO Store'!F:F,MATCH('Week Wise OT Hours'!$G764,'MO Store'!$A:$A,0)) -> No SD | C764: =INDEX('MO Store'!G:G,MATCH('Week Wise OT Hours'!$G764,'MO Store'!$A:$A,0)) -> Susu Leong | D764: =INDEX('MO Store'!E:E,MATCH('Week Wise OT Hours'!$G764,'MO Store'!$A:$A,0)) -> Brittanie Braggs | E764: =INDEX('MO Store'!B:B,MATCH('Week Wise OT Hours'!$G764,'MO Store'!$A:$A,0)) -> Arizona | F764: =INDEX('MO Store'!C:C,MATCH('Week Wise OT Hours'!$G764,'MO Store'!$A:$A,0)) -> Buffalo Spot | G764: 178109 | H764: =INDEX('MO Store'!I:I,MATCH('Week Wise OT Hours'!$G764,'MO Store'!$A:$A,0)) -> Battleship | I764: AXHO | J764: DEZIREE LOPEZ | K764: 0 | L764: 1.04 | M764: 0 | N764: 0 | O764: 0.75 | P764: 0 | Q764: 0 | R764: 0.57 | T764: 0
A765: =INDEX('MO Store'!D:D,MATCH('Week Wise OT Hours'!$G765,'MO Store'!$A:$A,0)) -> Anthony Galichet | B765: =INDEX('MO Store'!F:F,MATCH('Week Wise OT Hours'!$G765,'MO Store'!$A:$A,0)) -> No SD | C765: =INDEX('MO Store'!G:G,MATCH('Week Wise OT Hours'!$G765,'MO Store'!$A:$A,0)) -> North Carolina Market - No TM | D765: =INDEX('MO Store'!E:E,MATCH('Week Wise OT Hours'!$G765,'MO Store'!$A:$A,0)) -> Brittanie Braggs | E765: =INDEX('MO Store'!B:B,MATCH('Week Wise OT Hours'!$G765,'MO Store'!$A:$A,0)) -> North Carolina | F765: =INDEX('MO Store'!C:C,MATCH('Week Wise OT Hours'!$G765,'MO Store'!$A:$A,0)) -> Reidsville Rd | G765: 220742 | H765: =INDEX('MO Store'!I:I,MATCH('Week Wise OT Hours'!$G765,'MO Store'!$A:$A,0)) -> Focus | I765: AXMG | J765: AIDAN SULLIVAN | K765: 0 | L765: 0 | M765: 0 | N765: 0 | O765: 0 | P765: 0 | Q765: 0 | R765: 0 | T765: 0
A766: =INDEX('MO Store'!D:D,MATCH('Week Wise OT Hours'!$G766,'MO Store'!$A:$A,0)) -> Anthony Galichet | B766: =INDEX('MO Store'!F:F,MATCH('Week Wise OT Hours'!$G766,'MO Store'!$A:$A,0)) -> Romio Hamdar | C766: =INDEX('MO Store'!G:G,MATCH('Week Wise OT Hours'!$G766,'MO Store'!$A:$A,0)) -> Suhail Ishaq | D766: =INDEX('MO Store'!E:E,MATCH('Week Wise OT Hours'!$G766,'MO Store'!$A:$A,0)) -> Brittanie Braggs | E766: =INDEX('MO Store'!B:B,MATCH('Week Wise OT Hours'!$G766,'MO Store'!$A:$A,0)) -> Houston North East | F766: =INDEX('MO Store'!C:C,MATCH('Week Wise OT Hours'!$G766,'MO Store'!$A:$A,0)) -> Missouri City | G766: 174113 | H766: =INDEX('MO Store'!I:I,MATCH('Week Wise OT Hours'!$G766,'MO Store'!$A:$A,0)) -> Regular | I766: AX4I | J766: KHAMRY TATUM | K766: 0 | L766: 0 | M766: 0 | N766: 0 | O766: 0 | P766: 0 | Q766: 1.36 | R766: 0
A767: =INDEX('MO Store'!D:D,MATCH('Week Wise OT Hours'!$G767,'MO Store'!$A:$A,0)) -> Anthony Galichet | B767: =INDEX('MO Store'!F:F,MATCH('Week Wise OT Hours'!$G767,'MO Store'!$A:$A,0)) -> Romio Hamdar | C767: =INDEX('MO Store'!G:G,MATCH('Week Wise OT Hours'!$G767,'MO Store'!$A:$A,0)) -> Isreal Gomez- Level Up | D767: =INDEX('MO Store'!E:E,MATCH('Week Wise OT Hours'!$G767,'MO Store'!$A:$A,0)) -> Brittanie Braggs | E767: =INDEX('MO Store'!B:B,MATCH('Week Wise OT Hours'!$G767,'MO Store'!$A:$A,0)) -> Houston East | F767: =INDEX('MO Store'!C:C,MATCH('Week Wise OT Hours'!$G767,'MO Store'!$A:$A,0)) -> Deer Park | G767: 209870 | H767: =INDEX('MO Store'!I:I,MATCH('Week Wise OT Hours'!$G767,'MO Store'!$A:$A,0)) -> Regular | I767: AXL5 | J767: STEVEN GARCIA | K767: 12.47 | L767: 13.35 | M767: 5.03 | N767: 9.83 | O767: 6.77 | P767: 5.99 | Q767: 0.32 | R767: 0
A768: =INDEX('MO Store'!D:D,MATCH('Week Wise OT Hours'!$G768,'MO Store'!$A:$A,0)) -> Anthony Galichet | B768: =INDEX('MO Store'!F:F,MATCH('Week Wise OT Hours'!$G768,'MO Store'!$A:$A,0)) -> No SD | C768: =INDEX('MO Store'!G:G,MATCH('Week Wise OT Hours'!$G768,'MO Store'!$A:$A,0)) -> North Carolina Market - No TM | D768: =INDEX('MO Store'!E:E,MATCH('Week Wise OT Hours'!$G768,'MO Store'!$A:$A,0)) -> Brittanie Braggs | E768: =INDEX('MO Store'!B:B,MATCH('Week Wise OT Hours'!$G768,'MO Store'!$A:$A,0)) -> North Carolina | F768: =INDEX('MO Store'!C:C,MATCH('Week Wise OT Hours'!$G768,'MO Store'!$A:$A,0)) -> Winterville NC | G768: 177547 | H768: =INDEX('MO Store'!I:I,MATCH('Week Wise OT Hours'!$G768,'MO Store'!$A:$A,0)) -> Regular | I768: AX8B | J768: NATALIE LUCKADOO | K768: 0 | L768: 0 | M768: 0 | N768: 0 | O768: 0 | P768: 0 | Q768: 0.07 | R768: 0
A769: =INDEX('MO Store'!D:D,MATCH('Week Wise OT Hours'!$G769,'MO Store'!$A:$A,0)) -> Anthony Galichet | B769: =INDEX('MO Store'!F:F,MATCH('Week Wise OT Hours'!$G769,'MO Store'!$A:$A,0)) -> No SD | C769: =INDEX('MO Store'!G:G,MATCH('Week Wise OT Hours'!$G769,'MO Store'!$A:$A,0)) -> Jayme Roraff | D769: =INDEX('MO Store'!E:E,MATCH('Week Wise OT Hours'!$G769,'MO Store'!$A:$A,0)) -> Brittanie Braggs | E769: =INDEX('MO Store'!B:B,MATCH('Week Wise OT Hours'!$G769,'MO Store'!$A:$A,0)) -> Wisconsin West | F769: =INDEX('MO Store'!C:C,MATCH('Week Wise OT Hours'!$G769,'MO Store'!$A:$A,0)) -> Onalaska | G769: 180225 | H769: =INDEX('MO Store'!I:I,MATCH('Week Wise OT Hours'!$G769,'MO Store'!$A:$A,0)) -> Flagship | I769: A98Y | J769: JUSTIN FERGUSON | K769: 0 | L769: 0.79 | M769: 0 | N769: 0 | O769: 0 | P769: 1.1 | Q769: 1.93 | R769: 0
A770: =INDEX('MO Store'!D:D,MATCH('Week Wise OT Hours'!$G770,'MO Store'!$A:$A,0)) -> Anthony Galichet | B770: =INDEX('MO Store'!F:F,MATCH('Week Wise OT Hours'!$G770,'MO Store'!$A:$A,0)) -> Romio Hamdar | C770: =INDEX('MO Store'!G:G,MATCH('Week Wise OT Hours'!$G770,'MO Store'!$A:$A,0)) -> Carlos Ayala-Level Up | D770: =INDEX('MO Store'!E:E,MATCH('Week Wise OT Hours'!$G770,'MO Store'!$A:$A,0)) -> Brittanie Braggs | E770: =INDEX('MO Store'!B:B,MATCH('Week Wise OT Hours'!$G770,'MO Store'!$A:$A,0)) -> Houston South West | F770: =INDEX('MO Store'!C:C,MATCH('Week Wise OT Hours'!$G770,'MO Store'!$A:$A,0)) -> Kingsbridge | G770: 209862 | H770: =INDEX('MO Store'!I:I,MATCH('Week Wise OT Hours'!$G770,'MO Store'!$A:$A,0)) -> Regular | I770: AXJG | J770: KASON MATIN | K770: 0.87 | L770: 0 | M770: 0 | N770: 0 | O770: 0 | P770: 0.37 | Q770: 0 | R770: 0
A771: =INDEX('MO Store'!D:D,MATCH('Week Wise OT Hours'!$G771,'MO Store'!$A:$A,0)) -> Anthony Galichet | B771: =INDEX('MO Store'!F:F,MATCH('Week Wise OT Hours'!$G771,'MO Store'!$A:$A,0)) -> Romio Hamdar | C771: =INDEX('MO Store'!G:G,MATCH('Week Wise OT Hours'!$G771,'MO Store'!$A:$A,0)) -> Veronica Ramos | D771: =INDEX('MO Store'!E:E,MATCH('Week Wise OT Hours'!$G771,'MO Store'!$A:$A,0)) -> Brittanie Braggs | E771: =INDEX('MO Store'!B:B,MATCH('Week Wise OT Hours'!$G771,'MO Store'!$A:$A,0)) -> San Antonio/Laredo | F771: =INDEX('MO Store'!C:C,MATCH('Week Wise OT Hours'!$G771,'MO Store'!$A:$A,0)) -> DEL RIO | G771: 207754 | H771: =INDEX('MO Store'!I:I,MATCH('Week Wise OT Hours'!$G771,'MO Store'!$A:$A,0)) -> Flagship | I771: AXI2 | J771: ISABELLA HERNANDEZ | K771: 0 | L771: 0 | M771: 0 | N771: 0 | O771: 1.01 | P771: 0 | Q771: 0 | R771: 0
A772: =INDEX('MO Store'!D:D,MATCH('Week Wise OT Hours'!$G772,'MO Store'!$A:$A,0)) -> Anthony Galichet | B772: =INDEX('MO Store'!F:F,MATCH('Week Wise OT Hours'!$G772,'MO Store'!$A:$A,0)) -> Romio Hamdar | C772: =INDEX('MO Store'!G:G,MATCH('Week Wise OT Hours'!$G772,'MO Store'!$A:$A,0)) -> Colorado Market - No TM | D772: =INDEX('MO Store'!E:E,MATCH('Week Wise OT Hours'!$G772,'MO Store'!$A:$A,0)) -> Brittanie Braggs | E772: =INDEX('MO Store'!B:B,MATCH('Week Wise OT Hours'!$G772,'MO Store'!$A:$A,0)) -> Colorado | F772: =INDEX('MO Store'!C:C,MATCH('Week Wise OT Hours'!$G772,'MO Store'!$A:$A,0)) -> Grand View Market Place | G772: 210924 | H772: =INDEX('MO Store'!I:I,MATCH('Week Wise OT Hours'!$G772,'MO Store'!$A:$A,0)) -> Regular | I772: AXLJ | J772: LORENA LOPEZ | K772: 0 | L772: 3.76 | M772: 0 | N772: 6.48 | O772: 0.36 | P772: 0 | Q772: 0 | R772: 0
A773: =INDEX('MO Store'!D:D,MATCH('Week Wise OT Hours'!$G773,'MO Store'!$A:$A,0)) -> Anthony Galichet | B773: =INDEX('MO Store'!F:F,MATCH('Week Wise OT Hours'!$G773,'MO Store'!$A:$A,0)) -> Romio Hamdar | C773: =INDEX('MO Store'!G:G,MATCH('Week Wise OT Hours'!$G773,'MO Store'!$A:$A,0)) -> Carlos Ayala-Level Up | D773: =INDEX('MO Store'!E:E,MATCH('Week Wise OT Hours'!$G773,'MO Store'!$A:$A,0)) -> Brittanie Braggs | E773: =INDEX('MO Store'!B:B,MATCH('Week Wise OT Hours'!$G773,'MO Store'!$A:$A,0)) -> Houston South West | F773: =INDEX('MO Store'!C:C,MATCH('Week Wise OT Hours'!$G773,'MO Store'!$A:$A,0)) -> Memorial Dr | G773: 213409 | H773: =INDEX('MO Store'!I:I,MATCH('Week Wise OT Hours'!$G773,'MO Store'!$A:$A,0)) -> Regular | I773: AX91 | J773: HANNAH CARTER | K773: 0 | L773: 0 | M773: 0 | N773: 0 | O773: 0 | P773: 0 | Q773: 0 | R773: 0
A774: =INDEX('MO Store'!D:D,MATCH('Week Wise OT Hours'!$G774,'MO Store'!$A:$A,0)) -> Anthony Galichet | B774: =INDEX('MO Store'!F:F,MATCH('Week Wise OT Hours'!$G774,'MO Store'!$A:$A,0)) -> No SD | C774: =INDEX('MO Store'!G:G,MATCH('Week Wise OT Hours'!$G774,'MO Store'!$A:$A,0)) -> Jayme Roraff | D774: =INDEX('MO Store'!E:E,MATCH('Week Wise OT Hours'!$G774,'MO Store'!$A:$A,0)) -> Brittanie Braggs | E774: =INDEX('MO Store'!B:B,MATCH('Week Wise OT Hours'!$G774,'MO Store'!$A:$A,0)) -> Wisconsin West | F774: =INDEX('MO Store'!C:C,MATCH('Week Wise OT Hours'!$G774,'MO Store'!$A:$A,0)) -> Richland Center | G774: 240355 | H774: =INDEX('MO Store'!I:I,MATCH('Week Wise OT Hours'!$G774,'MO Store'!$A:$A,0)) -> Regular | I774: AW8U | J774: KELSEY STIBBE | K774: 0 | L774: 0 | M774: 0 | N774: 0 | O774: 0.73 | P774: 0 | Q774: 0 | R774: 0
A775: =INDEX('MO Store'!D:D,MATCH('Week Wise OT Hours'!$G775,'MO Store'!$A:$A,0)) -> Anthony Galichet | B775: =INDEX('MO Store'!F:F,MATCH('Week Wise OT Hours'!$G775,'MO Store'!$A:$A,0)) -> No SD | C775: =INDEX('MO Store'!G:G,MATCH('Week Wise OT Hours'!$G775,'MO Store'!$A:$A,0)) -> Jayme Roraff | D775: =INDEX('MO Store'!E:E,MATCH('Week Wise OT Hours'!$G775,'MO Store'!$A:$A,0)) -> Brittanie Braggs | E775: =INDEX('MO Store'!B:B,MATCH('Week Wise OT Hours'!$G775,'MO Store'!$A:$A,0)) -> Wisconsin West | F775: =INDEX('MO Store'!C:C,MATCH('Week Wise OT Hours'!$G775,'MO Store'!$A:$A,0)) -> Tomah Buan Street | G775: 180228 | H775: =INDEX('MO Store'!I:I,MATCH('Week Wise OT Hours'!$G775,'MO Store'!$A:$A,0)) -> Battleship | I775: AXGB | J775: HANNAH EMLUND | K775: 0 | L775: 0 | M775: 0 | N775: 0.18 | O775: 0 | P775: 0 | Q775: 0 | R775: 0
A776: =INDEX('MO Store'!D:D,MATCH('Week Wise OT Hours'!$G776,'MO Store'!$A:$A,0)) -> Anthony Galichet | B776: =INDEX('MO Store'!F:F,MATCH('Week Wise OT Hours'!$G776,'MO Store'!$A:$A,0)) -> Romio Hamdar | C776: =INDEX('MO Store'!G:G,MATCH('Week Wise OT Hours'!$G776,'MO Store'!$A:$A,0)) -> Veronica Ramos | D776: =INDEX('MO Store'!E:E,MATCH('Week Wise OT Hours'!$G776,'MO Store'!$A:$A,0)) -> Brittanie Braggs | E776: =INDEX('MO Store'!B:B,MATCH('Week Wise OT Hours'!$G776,'MO Store'!$A:$A,0)) -> San Antonio/Laredo | F776: =INDEX('MO Store'!C:C,MATCH('Week Wise OT Hours'!$G776,'MO Store'!$A:$A,0)) -> Laredo Crossing | G776: 174067 | H776: =INDEX('MO Store'!I:I,MATCH('Week Wise OT Hours'!$G776,'MO Store'!$A:$A,0)) -> Regular | I776: AWTA | J776: YOSELIN GONZALEZ | K776: 0 | L776: 0 | M776: 0 | N776: 0.02 | O776: 0 | P776: 0 | Q776: 0 | R776: 0
A777: =INDEX('MO Store'!D:D,MATCH('Week Wise OT Hours'!$G777,'MO Store'!$A:$A,0)) -> Anthony Galichet | B777: =INDEX('MO Store'!F:F,MATCH('Week Wise OT Hours'!$G777,'MO Store'!$A:$A,0)) -> Romio Hamdar | C777: =INDEX('MO Store'!G:G,MATCH('Week Wise OT Hours'!$G777,'MO Store'!$A:$A,0)) -> Colorado Market - No TM | D777: =INDEX('MO Store'!E:E,MATCH('Week Wise OT Hours'!$G777,'MO Store'!$A:$A,0)) -> Brittanie Braggs | E777: =INDEX('MO Store'!B:B,MATCH('Week Wise OT Hours'!$G777,'MO Store'!$A:$A,0)) -> Colorado | F777: =INDEX('MO Store'!C:C,MATCH('Week Wise OT Hours'!$G777,'MO Store'!$A:$A,0)) -> Fountain MESA ROAD | G777: 178719 | H777: =INDEX('MO Store'!I:I,MATCH('Week Wise OT Hours'!$G777,'MO Store'!$A:$A,0)) -> Battleship | I777: AXIP | J777: BRENDA NAPE | K777: 0 | L777: 0 | M777: 1.08 | N777: 0 | O777: 0 | P777: 0 | Q777: 0 | R777: 0
... A783: =INDEX('MO Store'!D:D,MATCH('Week Wise OT Hours'!$G783,'MO Store'!$A:$A,0)) -> Anthony Galichet | B783: =INDEX('MO Store'!F:F,MATCH('Week Wise OT Hours'!$G783,'MO Store'!$A:$A,0)) -> No SD | C783: =INDEX('MO Store'!G:G,MATCH('Week Wise OT Hours'!$G783,'MO Store'!$A:$A,0)) -> Jayme Roraff | D783: =INDEX('MO Store'!E:E,MATCH('Week Wise OT Hours'!$G783,'MO Store'!$A:$A,0)) -> Brittanie Braggs | E783: =INDEX('MO Store'!B:B,MATCH('Week Wise OT Hours'!$G783,'MO Store'!$A:$A,0)) -> Wisconsin West | F783: =INDEX('MO Store'!C:C,MATCH('Week Wise OT Hours'!$G783,'MO Store'!$A:$A,0)) -> APPLETON | G783: 207757 | H783: =INDEX('MO Store'!I:I,MATCH('Week Wise OT Hours'!$G783,'MO Store'!$A:$A,0)) -> Battleship | I783: AXR7 | J783: ROBERT WARREN | K783: 0 | L783: 6.84 | M783: 0 | N783: 0 | O783: 0 | P783: 0 | Q783: 0 | R783: 0
A784: =INDEX('MO Store'!D:D,MATCH('Week Wise OT Hours'!$G784,'MO Store'!$A:$A,0)) -> Anthony Galichet | B784: =INDEX('MO Store'!F:F,MATCH('Week Wise OT Hours'!$G784,'MO Store'!$A:$A,0)) -> No SD | C784: =INDEX('MO Store'!G:G,MATCH('Week Wise OT Hours'!$G784,'MO Store'!$A:$A,0)) -> Susu Leong | D784: =INDEX('MO Store'!E:E,MATCH('Week Wise OT Hours'!$G784,'MO Store'!$A:$A,0)) -> Brittanie Braggs | E784: =INDEX('MO Store'!B:B,MATCH('Week Wise OT Hours'!$G784,'MO Store'!$A:$A,0)) -> Arizona | F784: =INDEX('MO Store'!C:C,MATCH('Week Wise OT Hours'!$G784,'MO Store'!$A:$A,0)) -> Old Vail Plaza | G784: 222262 | H784: =INDEX('MO Store'!I:I,MATCH('Week Wise OT Hours'!$G784,'MO Store'!$A:$A,0)) -> Regular | I784: AXS0 | J784: DREW RUDH | K784: 0.26 | L784: 0
A785: =INDEX('MO Store'!D:D,MATCH('Week Wise OT Hours'!$G785,'MO Store'!$A:$A,0)) -> Anthony Galichet | B785: =INDEX('MO Store'!F:F,MATCH('Week Wise OT Hours'!$G785,'MO Store'!$A:$A,0)) -> Romio Hamdar | C785: =INDEX('MO Store'!G:G,MATCH('Week Wise OT Hours'!$G785,'MO Store'!$A:$A,0)) -> Veronica Ramos | D785: =INDEX('MO Store'!E:E,MATCH('Week Wise OT Hours'!$G785,'MO Store'!$A:$A,0)) -> Brittanie Braggs | E785: =INDEX('MO Store'!B:B,MATCH('Week Wise OT Hours'!$G785,'MO Store'!$A:$A,0)) -> San Antonio/Laredo | F785: =INDEX('MO Store'!C:C,MATCH('Week Wise OT Hours'!$G785,'MO Store'!$A:$A,0)) -> San Pedro | G785: 215746 | H785: =INDEX('MO Store'!I:I,MATCH('Week Wise OT Hours'!$G785,'MO Store'!$A:$A,0)) -> Flagship | I785: AXR9 | J785: NICHOLAS WILMOTH | K785: 0.17 | L785: 0

Sheet Emp Hrs 08 - 13 April
K6: Total | L6: 08 - 13 April 2026 | T6: 01st to 07th April 2026
A7: Employee Wise Hours | L7: =SUBTOTAL(9,L9:L411) -> 6652.21 | M7: =SUBTOTAL(9,M9:M411) -> 7112.92 | N7: =SUBTOTAL(9,N9:N411) -> 39.4 | O7: =SUBTOTAL(9,O9:O411) -> 0 | P7: =SUBTOTAL(9,P9:P411) -> 7152.32 | Q7: =SUBTOTAL(9,Q9:Q411) -> 0 | R7: =SUBTOTAL(9,R9:R411) -> 0 | S7: =SUBTOTAL(9,S9:S411) -> 0 | ... AA7: =SUBTOTAL(9,AA9:AA411) -> 0
A8: SD | B8: TM Name | C8: Market | D8: Home Store | E8: Work Store | F8: Key | G8: Home UID | H8: Work UID | I8: EE Code | J8: Employee Name | K8: Hire Date | L8: Schedule Hours | M8: Regular | N8: OT | O8: Others | P8: Total Hours | Q8: MIS Approved OT | R8: MIS Unpproved OT | S8: MIS OT | T8: L.W Schedule Hours | U8: L.W Regular | V8: L.W OT | W8: L.W Others | X8: L.W Total Hours | Y8: L.W MIS Approved OT | Z8: L.W MIS Unpproved OT | AA8: L.W MIS OT
A9: =_xlfn.XLOOKUP(Table13[[#This Row],[Work UID]],'MO Store'!$A:$A,'MO Store'!F:F,,0) -> No SD | B9: =_xlfn.XLOOKUP(Table13[[#This Row],[Work UID]],'MO Store'!$A:$A,'MO Store'!G:G,,0) -> Susu Leong | C9: =_xlfn.XLOOKUP(Table13[[#This Row],[Work UID]],'MO Store'!$A:$A,'MO Store'!B:B,,0) -> Arizona | D9: =_xlfn.XLOOKUP(Table13[[#This Row],[Home UID]],'MO Store'!$A:$A,'MO Store'!C:C,,0) -> VAL VISTA | E9: =_xlfn.XLOOKUP(Table13[[#This Row],[Work UID]],'MO Store'!$A:$A,'MO Store'!C:C,,0) -> VAL VISTA | F9: AVOR176995 | G9: 176995 | H9: 176995 | I9: AVOR | J9: DYLAN ACKERMAN | K9: 45737 | L9: 0 | M9: 8.03 | N9: 0 | O9: 0 | P9: =SUM(M9:O9) -> 8.03 | Q9: 0 | R9: 0 | S9: =SUM(Q9:R9) -> 0 | T9: 16 | U9: 13.8 | V9: 0 | W9: 0 | X9: =SUM(U9:W9) -> 13.8 | Y9: 0 | Z9: 0 | AA9: =SUM(Y9:Z9) -> 0
A10: =_xlfn.XLOOKUP(Table13[[#This Row],[Work UID]],'MO Store'!$A:$A,'MO Store'!F:F,,0) -> Romio Hamdar | B10: =_xlfn.XLOOKUP(Table13[[#This Row],[Work UID]],'MO Store'!$A:$A,'MO Store'!G:G,,0) -> Carlos Ayala-Level Up | C10: =_xlfn.XLOOKUP(Table13[[#This Row],[Work UID]],'MO Store'!$A:$A,'MO Store'!B:B,,0) -> Houston South West | D10: =_xlfn.XLOOKUP(Table13[[#This Row],[Home UID]],'MO Store'!$A:$A,'MO Store'!C:C,,0) -> Rice Ave | E10: =_xlfn.XLOOKUP(Table13[[#This Row],[Work UID]],'MO Store'!$A:$A,'MO Store'!C:C,,0) -> Rice Ave | F10: AWWK174112 | G10: 174112 | H10: 174112 | I10: AWWK | J10: CHRIS AGBATOR | K10: 45938 | L10: 39 | M10: 31 | N10: 0 | O10: 0 | P10: =SUM(M10:O10) -> 31 | Q10: 0 | R10: 0 | S10: =SUM(Q10:R10) -> 0 | T10: 20 | U10: 6.16 | V10: 0 | W10: 0 | X10: =SUM(U10:W10) -> 6.16 | Y10: 0 | Z10: 0 | AA10: =SUM(Y10:Z10) -> 0
A11: =_xlfn.XLOOKUP(Table13[[#This Row],[Work UID]],'MO Store'!$A:$A,'MO Store'!F:F,,0) -> Romio Hamdar | B11: =_xlfn.XLOOKUP(Table13[[#This Row],[Work UID]],'MO Store'!$A:$A,'MO Store'!G:G,,0) -> Carlos Ayala-Level Up | C11: =_xlfn.XLOOKUP(Table13[[#This Row],[Work UID]],'MO Store'!$A:$A,'MO Store'!B:B,,0) -> Houston South West | D11: =_xlfn.XLOOKUP(Table13[[#This Row],[Home UID]],'MO Store'!$A:$A,'MO Store'!C:C,,0) -> Rice Ave | E11: =_xlfn.XLOOKUP(Table13[[#This Row],[Work UID]],'MO Store'!$A:$A,'MO Store'!C:C,,0) -> Rice Ave | F11: ASKL174112 | G11: 174112 | H11: 174112 | I11: ASKL | J11: CARLOS AGUILAR | K11: 46065 | L11: 32 | M11: 27.09 | N11: 0 | O11: 0 | P11: =SUM(M11:O11) -> 27.09 | Q11: 0 | R11: 0 | S11: =SUM(Q11:R11) -> 0 | T11: 40 | U11: 32.38 | V11: 0 | W11: 0 | X11: =SUM(U11:W11) -> 32.38 | Y11: 0 | Z11: 0 | AA11: =SUM(Y11:Z11) -> 0
A12: =_xlfn.XLOOKUP(Table13[[#This Row],[Work UID]],'MO Store'!$A:$A,'MO Store'!F:F,,0) -> Romio Hamdar | B12: =_xlfn.XLOOKUP(Table13[[#This Row],[Work UID]],'MO Store'!$A:$A,'MO Store'!G:G,,0) -> Veronica Ramos | C12: =_xlfn.XLOOKUP(Table13[[#This Row],[Work UID]],'MO Store'!$A:$A,'MO Store'!B:B,,0) -> San Antonio/Laredo | D12: =_xlfn.XLOOKUP(Table13[[#This Row],[Home UID]],'MO Store'!$A:$A,'MO Store'!C:C,,0) -> Wurzbach Road | E12: =_xlfn.XLOOKUP(Table13[[#This Row],[Work UID]],'MO Store'!$A:$A,'MO Store'!C:C,,0) -> Wurzbach Road | F12: AVW9215745 | G12: 215745 | H12: 215745 | I12: AVW9 | J12: NEIDA AGUILAR | K12: 45775 | L12: 33.83 | M12: 28.42 | N12: 0 | O12: 0 | P12: =SUM(M12:O12) -> 28.42 | Q12: 0 | R12: 0 | S12: =SUM(Q12:R12) -> 0 | T12: 39.99 | U12: 34.72 | V12: 0 | W12: 0 | X12: =SUM(U12:W12) -> 34.72 | Y12: 0 | Z12: 0 | AA12: =SUM(Y12:Z12) -> 0
A13: =_xlfn.XLOOKUP(Table13[[#This Row],[Work UID]],'MO Store'!$A:$A,'MO Store'!F:F,,0) -> Romio Hamdar | B13: =_xlfn.XLOOKUP(Table13[[#This Row],[Work UID]],'MO Store'!$A:$A,'MO Store'!G:G,,0) -> Suhail Ishaq | C13: =_xlfn.XLOOKUP(Table13[[#This Row],[Work UID]],'MO Store'!$A:$A,'MO Store'!B:B,,0) -> Houston North East | D13: =_xlfn.XLOOKUP(Table13[[#This Row],[Home UID]],'MO Store'!$A:$A,'MO Store'!C:C,,0) -> FUQUA Ave | E13: =_xlfn.XLOOKUP(Table13[[#This Row],[Work UID]],'MO Store'!$A:$A,'MO Store'!C:C,,0) -> FUQUA Ave | F13: A45V209867 | G13: 209867 | H13: 209867 | I13: A45V | J13: JOCELYN AGUIRRE | K13: 45960 | L13: 0 | M13: 27.55 | N13: 0 | O13: 0 | P13: =SUM(M13:O13) -> 27.55 | Q13: 0 | R13: 0 | S13: =SUM(Q13:R13) -> 0 | T13: 0 | U13: 35.75 | V13: 0 | W13: 0 | X13: =SUM(U13:W13) -> 35.75 | Y13: 0 | Z13: 0 | AA13: =SUM(Y13:Z13) -> 0
A14: =_xlfn.XLOOKUP(Table13[[#This Row],[Work UID]],'MO Store'!$A:$A,'MO Store'!F:F,,0) -> Romio Hamdar | B14: =_xlfn.XLOOKUP(Table13[[#This Row],[Work UID]],'MO Store'!$A:$A,'MO Store'!G:G,,0) -> Suhail Ishaq | C14: =_xlfn.XLOOKUP(Table13[[#This Row],[Work UID]],'MO Store'!$A:$A,'MO Store'!B:B,,0) -> Houston North East | D14: =_xlfn.XLOOKUP(Table13[[#This Row],[Home UID]],'MO Store'!$A:$A,'MO Store'!C:C,,0) -> Texas City | E14: =_xlfn.XLOOKUP(Table13[[#This Row],[Work UID]],'MO Store'!$A:$A,'MO Store'!C:C,,0) -> Texas City | F14: A00P180413 | G14: 180413 | H14: 180413 | I14: A00P | J14: SEGUN AJALA | K14: 44501 | L14: 0 | M14: 38.21 | N14: 0 | O14: 0 | P14: =SUM(M14:O14) -> 38.21 | Q14: 0 | R14: 0 | S14: =SUM(Q14:R14) -> 0 | T14: 0 | U14: 37.26 | V14: 0 | W14: 0 | X14: =SUM(U14:W14) -> 37.26 | Y14: 0 | Z14: 0 | AA14: =SUM(Y14:Z14) -> 0
A15: =_xlfn.XLOOKUP(Table13[[#This Row],[Work UID]],'MO Store'!$A:$A,'MO Store'!F:F,,0) -> Romio Hamdar | B15: =_xlfn.XLOOKUP(Table13[[#This Row],[Work UID]],'MO Store'!$A:$A,'MO Store'!G:G,,0) -> Suhail Ishaq | C15: =_xlfn.XLOOKUP(Table13[[#This Row],[Work UID]],'MO Store'!$A:$A,'MO Store'!B:B,,0) -> Houston North East | D15: =_xlfn.XLOOKUP(Table13[[#This Row],[Home UID]],'MO Store'!$A:$A,'MO Store'!C:C,,0) -> Missouri City | E15: =_xlfn.XLOOKUP(Table13[[#This Row],[Work UID]],'MO Store'!$A:$A,'MO Store'!C:C,,0) -> Missouri City | F15: AUJ1174113 | G15: 174113 | H15: 174113 | I15: AUJ1 | J15: ALEXANDRA ALANIS | K15: 45540 | L15: 0 | M15: 13.82 | N15: 0 | O15: 0 | P15: =SUM(M15:O15) -> 13.82 | Q15: 0 | R15: 0 | S15: =SUM(Q15:R15) -> 0 | T15: 0 | U15: 21.73 | V15: 0 | W15: 0 | X15: =SUM(U15:W15) -> 21.73 | Y15: 0 | Z15: 0 | AA15: =SUM(Y15:Z15) -> 0
A16: =_xlfn.XLOOKUP(Table13[[#This Row],[Work UID]],'MO Store'!$A:$A,'MO Store'!F:F,,0) -> Romio Hamdar | B16: =_xlfn.XLOOKUP(Table13[[#This Row],[Work UID]],'MO Store'!$A:$A,'MO Store'!G:G,,0) -> Carlos Ayala-Level Up | C16: =_xlfn.XLOOKUP(Table13[[#This Row],[Work UID]],'MO Store'!$A:$A,'MO Store'!B:B,,0) -> Houston South West | D16: =_xlfn.XLOOKUP(Table13[[#This Row],[Home UID]],'MO Store'!$A:$A,'MO Store'!C:C,,0) -> Presidio | E16: =_xlfn.XLOOKUP(Table13[[#This Row],[Work UID]],'MO Store'!$A:$A,'MO Store'!C:C,,0) -> Presidio | F16: AWQU211049 | G16: 211049 | H16: 211049 | I16: AWQU | J16: GIANNI ALANIZ | K16: 45926 | L16: 39 | M16: 38.65 | N16: 0 | O16: 0 | P16: =SUM(M16:O16) -> 38.65 | Q16: 0 | R16: 0 | S16: =SUM(Q16:R16) -> 0 | T16: 38.5 | U16: 38.57 | V16: 0 | W16: 0 | X16: =SUM(U16:W16) -> 38.57 | Y16: 0 | Z16: 0 | AA16: =SUM(Y16:Z16) -> 0
A17: =_xlfn.XLOOKUP(Table13[[#This Row],[Work UID]],'MO Store'!$A:$A,'MO Store'!F:F,,0) -> Romio Hamdar | B17: =_xlfn.XLOOKUP(Table13[[#This Row],[Work UID]],'MO Store'!$A:$A,'MO Store'!G:G,,0) -> Austin TM | C17: =_xlfn.XLOOKUP(Table13[[#This Row],[Work UID]],'MO Store'!$A:$A,'MO Store'!B:B,,0) -> Austin | D17: =_xlfn.XLOOKUP(Table13[[#This Row],[Home UID]],'MO Store'!$A:$A,'MO Store'!C:C,,0) -> Rutland | E17: =_xlfn.XLOOKUP(Table13[[#This Row],[Work UID]],'MO Store'!$A:$A,'MO Store'!C:C,,0) -> Rutland | F17: AXQC152336 | G17: 152336 | H17: 152336 | I17: AXQC | J17: JACOB ALANIZ | K17: 46099 | L17: 32 | M17: 30.82 | N17: 0 | O17: 0 | P17: =SUM(M17:O17) -> 30.82 | Q17: 0 | R17: 0 | S17: =SUM(Q17:R17) -> 0 | T17: 40 | U17: 33.89 | V17: 0 | W17: 0 | X17: =SUM(U17:W17) -> 33.89 | Y17: 0 | Z17: 0 | AA17: =SUM(Y17:Z17) -> 0
A18: =_xlfn.XLOOKUP(Table13[[#This Row],[Work UID]],'MO Store'!$A:$A,'MO Store'!F:F,,0) -> Romio Hamdar | B18: =_xlfn.XLOOKUP(Table13[[#This Row],[Work UID]],'MO Store'!$A:$A,'MO Store'!G:G,,0) -> Suhail Ishaq | C18: =_xlfn.XLOOKUP(Table13[[#This Row],[Work UID]],'MO Store'!$A:$A,'MO Store'!B:B,,0) -> Houston North East | D18: =_xlfn.XLOOKUP(Table13[[#This Row],[Home UID]],'MO Store'!$A:$A,'MO Store'!C:C,,0) -> FUQUA Ave | E18: =_xlfn.XLOOKUP(Table13[[#This Row],[Work UID]],'MO Store'!$A:$A,'MO Store'!C:C,,0) -> FUQUA Ave | F18: A46B209867 | G18: 209867 | H18: 209867 | I18: A46B | J18: CHRISTIAN ALARCON | K18: 45833 | L18: 29 | M18: 19.25 | N18: 0 | O18: 0 | P18: =SUM(M18:O18) -> 19.25 | Q18: 0 | R18: 0 | S18: =SUM(Q18:R18) -> 0 | T18: 42 | U18: 17.98 | V18: 0 | W18: 0 | X18: =SUM(U18:W18) -> 17.98 | Y18: 0 | Z18: 0 | AA18: =SUM(Y18:Z18) -> 0
A19: =_xlfn.XLOOKUP(Table13[[#This Row],[Work UID]],'MO Store'!$A:$A,'MO Store'!F:F,,0) -> Romio Hamdar | B19: =_xlfn.XLOOKUP(Table13[[#This Row],[Work UID]],'MO Store'!$A:$A,'MO Store'!G:G,,0) -> Veronica Ramos | C19: =_xlfn.XLOOKUP(Table13[[#This Row],[Work UID]],'MO Store'!$A:$A,'MO Store'!B:B,,0) -> San Antonio/Laredo | D19: =_xlfn.XLOOKUP(Table13[[#This Row],[Home UID]],'MO Store'!$A:$A,'MO Store'!C:C,,0) -> San Pedro | E19: =_xlfn.XLOOKUP(Table13[[#This Row],[Work UID]],'MO Store'!$A:$A,'MO Store'!C:C,,0) -> San Pedro | F19: AWCH215746 | G19: 215746 | H19: 215746 | I19: AWCH | J19: MICHAEL ALEMAN | K19: 45854 | L19: 35 | M19: 30.95 | N19: 0 | O19: 0 | P19: =SUM(M19:O19) -> 30.95 | Q19: 0 | R19: 0 | S19: =SUM(Q19:R19) -> 0 | T19: 42 | U19: 38.56 | V19: 0 | W19: 0 | X19: =SUM(U19:W19) -> 38.56 | Y19: 0 | Z19: 0 | AA19: =SUM(Y19:Z19) -> 0
A20: =_xlfn.XLOOKUP(Table13[[#This Row],[Work UID]],'MO Store'!$A:$A,'MO Store'!F:F,,0) -> Romio Hamdar | B20: =_xlfn.XLOOKUP(Table13[[#This Row],[Work UID]],'MO Store'!$A:$A,'MO Store'!G:G,,0) -> Carlos Ayala-Level Up | C20: =_xlfn.XLOOKUP(Table13[[#This Row],[Work UID]],'MO Store'!$A:$A,'MO Store'!B:B,,0) -> Houston South West | D20: =_xlfn.XLOOKUP(Table13[[#This Row],[Home UID]],'MO Store'!$A:$A,'MO Store'!C:C,,0) -> Kingsbridge | E20: =_xlfn.XLOOKUP(Table13[[#This Row],[Work UID]],'MO Store'!$A:$A,'MO Store'!C:C,,0) -> Kingsbridge | F20: AX7H209862 | G20: 209862 | H20: 209862 | I20: AX7H | J20: MUHAMMAD ALI | K20: 45987 | L20: 0 | M20: 0 | N20: 0 | O20: 0 | P20: =SUM(M20:O20) -> 0 | Q20: 0 | R20: 0 | S20: =SUM(Q20:R20) -> 0 | T20: 39 | U20: 30.87 | V20: 0 | W20: 0 | X20: =SUM(U20:W20) -> 30.87 | Y20: 0 | Z20: 0 | AA20: =SUM(Y20:Z20) -> 0
... A354: =_xlfn.XLOOKUP(Table13[[#This Row],[Work UID]],'MO Store'!$A:$A,'MO Store'!F:F,,0) -> No SD | B354: =_xlfn.XLOOKUP(Table13[[#This Row],[Work UID]],'MO Store'!$A:$A,'MO Store'!G:G,,0) -> Susu Leong | C354: =_xlfn.XLOOKUP(Table13[[#This Row],[Work UID]],'MO Store'!$A:$A,'MO Store'!B:B,,0) -> Arizona | D354: =_xlfn.XLOOKUP(Table13[[#This Row],[Home UID]],'MO Store'!$A:$A,'MO Store'!C:C,,0) -> MIDVALE PLAZA | E354: =_xlfn.XLOOKUP(Table13[[#This Row],[Work UID]],'MO Store'!$A:$A,'MO Store'!C:C,,0) -> MIDVALE PLAZA | F354: A1HV216515 | G354: 216515 | H354: 216515 | I354: A1HV | J354: JAIME ZETINA | K354: 46072 | L354: 0 | M354: 10.83 | N354: 0 | O354: 0 | P354: =SUM(M354:O354) -> 10.83 | Q354: 0 | R354: 0 | S354: =SUM(Q354:R354) -> 0 | T354: 0 | U354: 6.47 | V354: 0 | W354: 0 | X354: =SUM(U354:W354) -> 6.47 | Y354: 0 | Z354: 0 | AA354: =SUM(Y354:Z354) -> 0
A355: =_xlfn.XLOOKUP(Table13[[#This Row],[Work UID]],'MO Store'!$A:$A,'MO Store'!F:F,,0) -> Romio Hamdar | B355: =_xlfn.XLOOKUP(Table13[[#This Row],[Work UID]],'MO Store'!$A:$A,'MO Store'!G:G,,0) -> Carlos Ayala-Level Up | C355: =_xlfn.XLOOKUP(Table13[[#This Row],[Work UID]],'MO Store'!$A:$A,'MO Store'!B:B,,0) -> Houston South West | D355: =_xlfn.XLOOKUP(Table13[[#This Row],[Home UID]],'MO Store'!$A:$A,'MO Store'!C:C,,0) -> Memorial Dr | E355: =_xlfn.XLOOKUP(Table13[[#This Row],[Work UID]],'MO Store'!$A:$A,'MO Store'!C:C,,0) -> Westheimer Tanglewilde | F355: AX91209864 | G355: 213409 | H355: 209864 | I355: AX91 | J355: HANNAH CARTER | K355: 46001 | L355: 0 | M355: 24.47 | N355: 0 | O355: 0 | P355: =SUM(M355:O355) -> 24.47 | Q355: 0 | R355: 0 | S355: =SUM(Q355:R355) -> 0 | X355: =SUM(U355:W355) -> 0 | AA355: =SUM(Y355:Z355) -> 0
A356: =_xlfn.XLOOKUP(Table13[[#This Row],[Work UID]],'MO Store'!$A:$A,'MO Store'!F:F,,0) -> Romio Hamdar | B356: =_xlfn.XLOOKUP(Table13[[#This Row],[Work UID]],'MO Store'!$A:$A,'MO Store'!G:G,,0) -> Isreal Gomez- Level Up | C356: =_xlfn.XLOOKUP(Table13[[#This Row],[Work UID]],'MO Store'!$A:$A,'MO Store'!B:B,,0) -> Houston East | D356: =_xlfn.XLOOKUP(Table13[[#This Row],[Home UID]],'MO Store'!$A:$A,'MO Store'!C:C,,0) -> The Grid | E356: =_xlfn.XLOOKUP(Table13[[#This Row],[Work UID]],'MO Store'!$A:$A,'MO Store'!C:C,,0) -> Falls Creek Humble | F356: AX11176028 | G356: 209858 | H356: 176028 | I356: AX11 | J356: MONTSE ESPINOZA | K356: 45959 | L356: 0 | M356: 7.37 | N356: 0 | O356: 0 | P356: =SUM(M356:O356) -> 7.37 | Q356: 0 | R356: 0 | S356: =SUM(Q356:R356) -> 0 | X356: =SUM(U356:W356) -> 0 | AA356: =SUM(Y356:Z356) -> 0
A357: =_xlfn.XLOOKUP(Table13[[#This Row],[Work UID]],'MO Store'!$A:$A,'MO Store'!F:F,,0) -> Romio Hamdar | B357: =_xlfn.XLOOKUP(Table13[[#This Row],[Work UID]],'MO Store'!$A:$A,'MO Store'!G:G,,0) -> Suhail Ishaq | C357: =_xlfn.XLOOKUP(Table13[[#This Row],[Work UID]],'MO Store'!$A:$A,'MO Store'!B:B,,0) -> Houston North East | D357: =_xlfn.XLOOKUP(Table13[[#This Row],[Home UID]],'MO Store'!$A:$A,'MO Store'!C:C,,0) -> Midtown | E357: =_xlfn.XLOOKUP(Table13[[#This Row],[Work UID]],'MO Store'!$A:$A,'MO Store'!C:C,,0) -> Midtown | F357: A00U176027 | G357: 176027 | H357: 176027 | I357: A00U | J357: FRANK ALDACO | K357: 45061 | L357: 0 | M357: 0 | N357: 0 | O357: 0 | P357: =SUM(M357:O357) -> 0 | S357: =SUM(Q357:R357) -> 0 | X357: =SUM(U357:W357) -> 0 | AA357: =SUM(Y357:Z357) -> 0
A358: =_xlfn.XLOOKUP(Table13[[#This Row],[Work UID]],'MO Store'!$A:$A,'MO Store'!F:F,,0) -> Romio Hamdar | B358: =_xlfn.XLOOKUP(Table13[[#This Row],[Work UID]],'MO Store'!$A:$A,'MO Store'!G:G,,0) -> Veronica Ramos | C358: =_xlfn.XLOOKUP(Table13[[#This Row],[Work UID]],'MO Store'!$A:$A,'MO Store'!B:B,,0) -> San Antonio/Laredo | D358: =_xlfn.XLOOKUP(Table13[[#This Row],[Home UID]],'MO Store'!$A:$A,'MO Store'!C:C,,0) -> San Pedro | E358: =_xlfn.XLOOKUP(Table13[[#This Row],[Work UID]],'MO Store'!$A:$A,'MO Store'!C:C,,0) -> San Pedro | F358: A08B215746 | G358: 215746 | H358: 215746 | I358: A08B | J358: KARLA CHAVEZ | K358: 45131 | L358: 0 | M358: 0 | N358: 0 | O358: 0 | P358: =SUM(M358:O358) -> 0 | S358: =SUM(Q358:R358) -> 0 | X358: =SUM(U358:W358) -> 0 | AA358: =SUM(Y358:Z358) -> 0
A359: =_xlfn.XLOOKUP(Table13[[#This Row],[Work UID]],'MO Store'!$A:$A,'MO Store'!F:F,,0) -> Romio Hamdar | B359: =_xlfn.XLOOKUP(Table13[[#This Row],[Work UID]],'MO Store'!$A:$A,'MO Store'!G:G,,0) -> Suhail Ishaq | C359: =_xlfn.XLOOKUP(Table13[[#This Row],[Work UID]],'MO Store'!$A:$A,'MO Store'!B:B,,0) -> Houston North East | D359: =_xlfn.XLOOKUP(Table13[[#This Row],[Home UID]],'MO Store'!$A:$A,'MO Store'!C:C,,0) -> Antoine Town Center | E359: =_xlfn.XLOOKUP(Table13[[#This Row],[Work UID]],'MO Store'!$A:$A,'MO Store'!C:C,,0) -> Antoine Town Center | F359: AXTN209865 | G359: 209865 | H359: 209865 | I359: AXTN | J359: CRYSTAL QUINTANILLA | K359: 46120 | L359: 39 | M359: 39.2 | N359: 0 | O359: 0 | P359: =SUM(M359:O359) -> 39.2 | S359: =SUM(Q359:R359) -> 0 | X359: =SUM(U359:W359) -> 0 | AA359: =SUM(Y359:Z359) -> 0
A360: =_xlfn.XLOOKUP(Table13[[#This Row],[Work UID]],'MO Store'!$A:$A,'MO Store'!F:F,,0) -> Romio Hamdar | B360: =_xlfn.XLOOKUP(Table13[[#This Row],[Work UID]],'MO Store'!$A:$A,'MO Store'!G:G,,0) -> Colorado Market - No TM | C360: =_xlfn.XLOOKUP(Table13[[#This Row],[Work UID]],'MO Store'!$A:$A,'MO Store'!B:B,,0) -> Colorado | D360: =_xlfn.XLOOKUP(Table13[[#This Row],[Home UID]],'MO Store'!$A:$A,'MO Store'!C:C,,0) -> Academy Blvd CO | E360: =_xlfn.XLOOKUP(Table13[[#This Row],[Work UID]],'MO Store'!$A:$A,'MO Store'!C:C,,0) -> Academy Blvd CO | F360: AWSB176049 | G360: 176049 | H360: 176049 | I360: AWSB | J360: BRANDON THOMAS | K360: 45933 | L360: 25.5 | M360: 0 | N360: 0 | O360: 0 | P360: =SUM(M360:O360) -> 0 | S360: =SUM(Q360:R360) -> 0 | X360: =SUM(U360:W360) -> 0 | AA360: =SUM(Y360:Z360) -> 0
A361: =_xlfn.XLOOKUP(Table13[[#This Row],[Work UID]],'MO Store'!$A:$A,'MO Store'!F:F,,0) -> No SD | B361: =_xlfn.XLOOKUP(Table13[[#This Row],[Work UID]],'MO Store'!$A:$A,'MO Store'!G:G,,0) -> Jayme Roraff | C361: =_xlfn.XLOOKUP(Table13[[#This Row],[Work UID]],'MO Store'!$A:$A,'MO Store'!B:B,,0) -> Wisconsin West | D361: =_xlfn.XLOOKUP(Table13[[#This Row],[Home UID]],'MO Store'!$A:$A,'MO Store'!C:C,,0) -> APPLETON | E361: =_xlfn.XLOOKUP(Table13[[#This Row],[Work UID]],'MO Store'!$A:$A,'MO Store'!C:C,,0) -> APPLETON | F361: AXR7207757 | G361: 207757 | H361: 207757 | I361: AXR7 | J361: ROBERT WARREN | K361: 46107 | L361: 31 | M361: 34.7 | N361: 0 | O361: 0 | P361: =SUM(M361:O361) -> 34.7 | S361: =SUM(Q361:R361) -> 0 | X361: =SUM(U361:W361) -> 0 | AA361: =SUM(Y361:Z361) -> 0
A362: =_xlfn.XLOOKUP(Table13[[#This Row],[Work UID]],'MO Store'!$A:$A,'MO Store'!F:F,,0) -> No SD | B362: =_xlfn.XLOOKUP(Table13[[#This Row],[Work UID]],'MO Store'!$A:$A,'MO Store'!G:G,,0) -> Susu Leong | C362: =_xlfn.XLOOKUP(Table13[[#This Row],[Work UID]],'MO Store'!$A:$A,'MO Store'!B:B,,0) -> Arizona | D362: =_xlfn.XLOOKUP(Table13[[#This Row],[Home UID]],'MO Store'!$A:$A,'MO Store'!C:C,,0) -> VAL VISTA | E362: =_xlfn.XLOOKUP(Table13[[#This Row],[Work UID]],'MO Store'!$A:$A,'MO Store'!C:C,,0) -> The Groves | F362: AVOR211579 | G362: 176995 | H362: 211579 | I362: AVOR | J362: DYLAN ACKERMAN | K362: 45737 | L362: 0 | M362: 3.6 | N362: 0 | O362: 0 | P362: =SUM(M362:O362) -> 3.6 | S362: =SUM(Q362:R362) -> 0 | X362: =SUM(U362:W362) -> 0 | AA362: =SUM(Y362:Z362) -> 0
A363: =_xlfn.XLOOKUP(Table13[[#This Row],[Work UID]],'MO Store'!$A:$A,'MO Store'!F:F,,0) -> No SD | B363: =_xlfn.XLOOKUP(Table13[[#This Row],[Work UID]],'MO Store'!$A:$A,'MO Store'!G:G,,0) -> North Carolina Market - No TM | C363: =_xlfn.XLOOKUP(Table13[[#This Row],[Work UID]],'MO Store'!$A:$A,'MO Store'!B:B,,0) -> North Carolina | D363: =_xlfn.XLOOKUP(Table13[[#This Row],[Home UID]],'MO Store'!$A:$A,'MO Store'!C:C,,0) -> Garner Raleigh | E363: =_xlfn.XLOOKUP(Table13[[#This Row],[Work UID]],'MO Store'!$A:$A,'MO Store'!C:C,,0) -> Garner Raleigh | F363: AXTP176289 | G363: 176289 | H363: 176289 | I363: AXTP | J363: JOSE CASTELLANOS SALGADO | K363: 46122 | L363: 0 | M363: 20.31 | N363: 0 | O363: 0 | P363: =SUM(M363:O363) -> 20.31 | S363: =SUM(Q363:R363) -> 0 | X363: =SUM(U363:W363) -> 0 | AA363: =SUM(Y363:Z363) -> 0
A364: =_xlfn.XLOOKUP(Table13[[#This Row],[Work UID]],'MO Store'!$A:$A,'MO Store'!F:F,,0) -> Romio Hamdar | B364: =_xlfn.XLOOKUP(Table13[[#This Row],[Work UID]],'MO Store'!$A:$A,'MO Store'!G:G,,0) -> Isreal Gomez- Level Up | C364: =_xlfn.XLOOKUP(Table13[[#This Row],[Work UID]],'MO Store'!$A:$A,'MO Store'!B:B,,0) -> Houston East | D364: =_xlfn.XLOOKUP(Table13[[#This Row],[Home UID]],'MO Store'!$A:$A,'MO Store'!C:C,,0) -> Angleton Harvin Dr | E364: =_xlfn.XLOOKUP(Table13[[#This Row],[Work UID]],'MO Store'!$A:$A,'MO Store'!C:C,,0) -> Angleton Harvin Dr | F364: AXUH180412 | G364: 180412 | H364: 180412 | I364: AXUH | J364: NATALY DUARTE | K364: 46122 | L364: 14 | M364: 20.5 | N364: 0 | O364: 0 | P364: =SUM(M364:O364) -> 20.5 | S364: =SUM(Q364:R364) -> 0 | X364: =SUM(U364:W364) -> 0 | AA364: =SUM(Y364:Z364) -> 0
A365: =_xlfn.XLOOKUP(Table13[[#This Row],[Work UID]],'MO Store'!$A:$A,'MO Store'!F:F,,0) -> No SD | B365: =_xlfn.XLOOKUP(Table13[[#This Row],[Work UID]],'MO Store'!$A:$A,'MO Store'!G:G,,0) -> Susu Leong | C365: =_xlfn.XLOOKUP(Table13[[#This Row],[Work UID]],'MO Store'!$A:$A,'MO Store'!B:B,,0) -> Arizona | D365: =_xlfn.XLOOKUP(Table13[[#This Row],[Home UID]],'MO Store'!$A:$A,'MO Store'!C:C,,0) -> Bethany Home | E365: =_xlfn.XLOOKUP(Table13[[#This Row],[Work UID]],'MO Store'!$A:$A,'MO Store'!C:C,,0) -> The Groves | F365: AV1K211579 | G365: 216514 | H365: 211579 | I365: AV1K | J365: JEROTHAN LU | K365: 45635 | L365: 0 | M365: 3.07 | N365: 0 | O365: 0 | P365: =SUM(M365:O365) -> 3.07 | S365: =SUM(Q365:R365) -> 0 | X365: =SUM(U365:W365) -> 0 | AA365: =SUM(Y365:Z365) -> 0
A366: =_xlfn.XLOOKUP(Table13[[#This Row],[Work UID]],'MO Store'!$A:$A,'MO Store'!F:F,,0) -> Romio Hamdar | B366: =_xlfn.XLOOKUP(Table13[[#This Row],[Work UID]],'MO Store'!$A:$A,'MO Store'!G:G,,0) -> Colorado Market - No TM | C366: =_xlfn.XLOOKUP(Table13[[#This Row],[Work UID]],'MO Store'!$A:$A,'MO Store'!B:B,,0) -> Colorado | D366: =_xlfn.XLOOKUP(Table13[[#This Row],[Home UID]],'MO Store'!$A:$A,'MO Store'!C:C,,0) -> Interquest | E366: =_xlfn.XLOOKUP(Table13[[#This Row],[Work UID]],'MO Store'!$A:$A,'MO Store'!C:C,,0) -> Academy Blvd CO | F366: AWCR176049 | G366: 241356 | H366: 176049 | I366: AWCR | J366: BRANDON MCMULLIN | K366: 46120 | L366: 0 | M366: 16.25 | N366: 0 | O366: 0 | P366: =SUM(M366:O366) -> 16.25 | S366: =SUM(Q366:R366) -> 0 | X366: =SUM(U366:W366) -> 0 | AA366: =SUM(Y366:Z366) -> 0
A367: =_xlfn.XLOOKUP(Table13[[#This Row],[Work UID]],'MO Store'!$A:$A,'MO Store'!F:F,,0) -> Romio Hamdar | B367: =_xlfn.XLOOKUP(Table13[[#This Row],[Work UID]],'MO Store'!$A:$A,'MO Store'!G:G,,0) -> Suhail Ishaq | C367: =_xlfn.XLOOKUP(Table13[[#This Row],[Work UID]],'MO Store'!$A:$A,'MO Store'!B:B,,0) -> Houston North East | D367: =_xlfn.XLOOKUP(Table13[[#This Row],[Home UID]],'MO Store'!$A:$A,'MO Store'!C:C,,0) -> Little York Rd | E367: =_xlfn.XLOOKUP(Table13[[#This Row],[Work UID]],'MO Store'!$A:$A,'MO Store'!C:C,,0) -> Antoine Town Center | F367: A9KJ209865 | G367: 217138 | H367: 209865 | I367: A9KJ | J367: JARED VARGAS | K367: 45271 | L367: 0 | M367: 7.64 | N367: 0 | O367: 0 | P367: =SUM(M367:O367) -> 7.64 | S367: =SUM(Q367:R367) -> 0 | X367: =SUM(U367:W367) -> 0 | AA367: =SUM(Y367:Z367) -> 0
A368: =_xlfn.XLOOKUP(Table13[[#This Row],[Work UID]],'MO Store'!$A:$A,'MO Store'!F:F,,0) -> Romio Hamdar | B368: =_xlfn.XLOOKUP(Table13[[#This Row],[Work UID]],'MO Store'!$A:$A,'MO Store'!G:G,,0) -> Veronica Ramos | C368: =_xlfn.XLOOKUP(Table13[[#This Row],[Work UID]],'MO Store'!$A:$A,'MO Store'!B:B,,0) -> San Antonio/Laredo | D368: =_xlfn.XLOOKUP(Table13[[#This Row],[Home UID]],'MO Store'!$A:$A,'MO Store'!C:C,,0) -> LAREDO PLANTATION CENTRE | E368: =_xlfn.XLOOKUP(Table13[[#This Row],[Work UID]],'MO Store'!$A:$A,'MO Store'!C:C,,0) -> LAREDO PLANTATION CENTRE | F368: AXTS207752 | G368: 207752 | H368: 207752 | I368: AXTS | J368: MARIA LIRA | K368: 46121 | L368: 8 | M368: 21.12 | N368: 0 | O368: 0 | P368: =SUM(M368:O368) -> 21.12 | S368: =SUM(Q368:R368) -> 0 | X368: =SUM(U368:W368) -> 0 | AA368: =SUM(Y368:Z368) -> 0
A369: =_xlfn.XLOOKUP(Table13[[#This Row],[Work UID]],'MO Store'!$A:$A,'MO Store'!F:F,,0) -> No SD | B369: =_xlfn.XLOOKUP(Table13[[#This Row],[Work UID]],'MO Store'!$A:$A,'MO Store'!G:G,,0) -> Susu Leong | C369: =_xlfn.XLOOKUP(Table13[[#This Row],[Work UID]],'MO Store'!$A:$A,'MO Store'!B:B,,0) -> Arizona | D369: =_xlfn.XLOOKUP(Table13[[#This Row],[Home UID]],'MO Store'!$A:$A,'MO Store'!C:C,,0) -> Bethany Home | E369: =_xlfn.XLOOKUP(Table13[[#This Row],[Work UID]],'MO Store'!$A:$A,'MO Store'!C:C,,0) -> Bethany Home | F369: AXU5216514 | G369: 216514 | H369: 216514 | I369: AXU5 | J369: YVETTE VILLA | K369: 46122 | L369: 0 | M369: 11.53 | N369: 0 | O369: 0 | P369: =SUM(M369:O369) -> 11.53 | S369: =SUM(Q369:R369) -> 0 | X369: =SUM(U369:W369) -> 0 | AA369: =SUM(Y369:Z369) -> 0

Sheet Pending_ML5_Apr
A1: Store | B1: Market | C1: TM | D1: Emp ID (Paycom) | E1: Employees | F1: Role | G1: Status | H1: Hire Date | I1: Pay Type | J1: PAY | K1: Commission trending Bucket $ April 2026 | L1: Commission Bucket $ March 2026 | M1: ML 5 April 2026 | N1: ML 5 March 2026
A2: Bethany Home | B2: Arizona | C2: Susu Leong | D2: AXU5 | E2: Yvette Villa | F2: BCE - PT | G2: Active | H2: 46122 | I2: Hourly | J2: Wage | K2: 0 | L2: 0 | M2: N | N2: N
A3: Garner Raleigh | B3: North Carolina | C3: North Carolina Market - No TM | D3: AXTP | E3: Jose Castellanos Salgado | F3: BRSM | G3: Active | H3: 46118 | I3: Hourly | J3: Wage | K3: 0 | L3: 0 | M3: N | N3: N
A4: Multiple Stores | B4: Colorado | C4: 0 | D4: 0 | E4: Colorado Market - No TM | F4: TM | G4: 0 | H4: 0 | I4: 0 | J4: Wage | K4: 0 | L4: 0 | M4: N | N4: N
A5: Angleton Harvin Dr | B5: Houston East | C5: Isreal Gomez- Level Up | D5: AXUH | E5: Nataly Duarte | F5: BCE - FT | G5: Active | H5: 46122 | I5: Hourly | J5: Wage | K5: 0 | L5: 0 | M5: N | N5: N
A6: Mocksville | B6: North Carolina | C6: North Carolina Market - No TM | D6: AXIB | E6: Kenneth Watson | F6: CE - FT | G6: Terminated | H6: 46048 | I6: Hourly | J6: Wage | K6: 43.846154 | L6: 0 | M6: Y | N6: Y
A7: Event Team | B7: Event Market | C7: Event TM | D7: AX6Z | E7: Launekia Murry | F7: EL | G7: Terminated | H7: 46006 | I7: Hourly | J7: Wage | K7: 2040 | L7: 2640 | M7: N | N7: Y
A8: FUQUA Ave | B8: Houston North East | C8: Suhail Ishaq | D8: A45V | E8: Jocelyn Aguirre | F8: BCE - FT | G8: Active | H8: 45959 | I8: Hourly | J8: Commission | K8: 2939 | L8: 3174 | M8: Y | N8: Y
A9: Grand View Market Place | B9: Colorado | C9: Colorado Market - No TM | D9: A0OU | E9: Nathaniel Kempa | F9: CE - FT | G9: Active | H9: 46114 | I9: Hourly | J9: Wage | K9: 0 | L9: 0 | M9: N | N9: N
A10: EAGLE PASS | B10: San Antonio/Laredo | C10: Veronica Ramos | D10: A034 | E10: Noe Baltazar | F10: BCE - FT | G10: Active | H10: 44592 | I10: Hourly | J10: Wage | K10: 683.07692 | L10: 0 | M10: Y | N10: Y
A11: FOND DU LAC | B11: Wisconsin East | C11: Jayme Roraff | D11: A0F0 | E11: Emma Fellerer | F11: CE - FT | G11: Active | H11: 44606 | I11: Hourly | J11: Commission | K11: 2232 | L11: 0 | M11: N | N11: Y
A12: Laredo Crossing | B12: San Antonio/Laredo | C12: Veronica Ramos | D12: A0JD | E12: Audrey Guerrero | F12: BRSM | G12: On Leave | H12: 44627 | I12: Salary | J12: Salary | K12: 0 | L12: 0 | M12: N | N12: Y
A13: Memorial Dr | B13: Houston South West | C13: Carlos Ayala-Level Up | D13: A1HT | E13: Guillermo Gumucio | F13: BCE - FT | G13: Active | H13: 45516 | I13: Hourly | J13: Commission | K13: 2391 | L13: 0 | M13: Y | N13: Y
A14: Laredo Crossing | B14: San Antonio/Laredo | C14: Veronica Ramos | D14: A12D | E14: Mark Ramos | F14: CE - PT | G14: Active | H14: 44683 | I14: Hourly | J14: Wage | K14: 602.30769 | L14: 0 | M14: Y | N14: Y
A15: Grand View Market Place | B15: Colorado | C15: Colorado Market - No TM | D15: A0AG | E15: Adonis Davidson | F15: CE - FT | G15: Active | H15: 45905 | I15: Hourly | J15: Wage | K15: 1726.1538 | L15: 1993 | M15: N | N15: N
A16: Riverstone | B16: Houston North East | C16: Suhail Ishaq | D16: A0S6 | E16: Alexander Machado | F16: BCE - FT | G16: Active | H16: 44718 | I16: Hourly | J16: Commission | K16: 2164 | L16: 3609 | M16: N | N16: Y
... A217: Richmond (River Park) | B217: Houston North East | C217: Suhail Ishaq | D217: AXO2 | E217: Fatima Zehra | F217: CE - FT | G217: Active | H217: 46087 | I217: Hourly | J217: Commission | K217: 1332 | L217: 0 | M217: N | N217: N
A218: No Store | B218: No Market | C218: 0 | D218: - | E218: Amer Kamal | F218: SEL | G218: 0 | H218: 46090 | I218: 0 | J218: Wage | K218: 0 | L218: 322790 | M218: N | N218: N
A219: Mocksville | B219: North Carolina | C219: North Carolina Market - No TM | D219: AXPM | E219: Denise Glaspie | F219: CE - FT | G219: Active | H219: 46093 | I219: Hourly | J219: Wage | K219: 747.69231 | L219: 0 | M219: N | N219: N
A220: Rosenberg | B220: Houston North East | C220: Suhail Ishaq | D220: AXPR | E220: Nicholas Cruz | F220: BCE - FT | G220: Active | H220: 46092 | I220: Hourly | J220: Wage | K220: 0 | L220: 0 | M220: N | N220: N
A221: OLTORF | B221: Austin | C221: Austin TM | D221: AXPX | E221: Anayeli Vences | F221: BCE - FT | G221: Active | H221: 46097 | I221: Hourly | J221: Wage | K221: 43.846154 | L221: 0 | M221: N | N221: N
A222: Rutland | B222: Austin | C222: Austin TM | D222: AXQC | E222: Jacob Alaniz | F222: BSL | G222: Active | H222: 46099 | I222: Hourly | J222: Wage | K222: 1490.7692 | L222: 0 | M222: N | N222: N
A223: Tomah Buan Street | B223: Wisconsin West | C223: Jayme Roraff | D223: A940 | E223: Justin Whitney | F223: CE - FT | G223: Active | H223: 46099 | I223: Hourly | J223: Wage | K223: 0 | L223: 0 | M223: N | N223: N
A224: VAL VISTA | B224: Arizona | C224: Susu Leong | D224: AXQT | E224: Juan Navia | F224: BCE - FT | G224: Active | H224: 46100 | I224: Hourly | J224: Wage | K224: 0 | L224: 0 | M224: N | N224: N
A225: Riverstone | B225: Houston North East | C225: Suhail Ishaq | D225: AXR8 | E225: Javier Perez | F225: BCE - PT | G225: Active | H225: 46101 | I225: Hourly | J225: Wage | K225: 0 | L225: 0 | M225: N | N225: N
A226: San Pedro | B226: San Antonio/Laredo | C226: Veronica Ramos | D226: AXR9 | E226: Nicholas Wilmoth | F226: BSL | G226: Active | H226: 46101 | I226: Hourly | J226: Wage | K226: 0 | L226: 0 | M226: N | N226: N
A227: Antoine Town Center | B227: Houston North East | C227: Suhail Ishaq | D227: AXQL | E227: Shagala Jordan | F227: CE - PT | G227: Active | H227: 46104 | I227: Hourly | J227: Commission | K227: 935 | L227: 0 | M227: N | N227: N
A228: APPLETON | B228: Wisconsin West | C228: Jayme Roraff | D228: AXQD | E228: Alexander Schmitz | F228: CE - FT | G228: Active | H228: 46106 | I228: Hourly | J228: Wage | K228: 387.69231 | L228: 0 | M228: N | N228: N
A229: Old Vail Plaza | B229: Arizona | C229: Susu Leong | D229: AXS0 | E229: Drew Rudh | F229: CE - FT | G229: Active | H229: 46106 | I229: Hourly | J229: Wage | K229: 371.53846 | L229: 0 | M229: N | N229: N
A230: Jasper | B230: Houston East | C230: Isreal Gomez- Level Up | D230: AXQZ | E230: Paul Nosworthy | F230: CE - PT | G230: Active | H230: 46107 | I230: Hourly | J230: Wage | K230: 620.76923 | L230: 0 | M230: N | N230: N
... A332: Kingsbridge | B332: Houston South West | C332: Carlos Ayala-Level Up | D332: AX3A | E332: David Sanchez | F332: BCE - PT | G332: Active | H332: 45967 | I332: Hourly | J332: Commission | K332: 1691 | L332: 0 | M332: N | N332: N

Sheet MO Store
A1: Store UID | B1: Market | C1: Store | D1: VP | E1: HRBP | F1: SD | G1: TM | H1: SEL | I1: Tier | J1: Dealer Code
A2: 155061 | B2: Arizona | C2: Tucson Speedway | D2: Anthony Galichet | E2: Brittanie Braggs | F2: No SD | G2: Susu Leong | H2: No SEL | I2: Regular | J2: AEPR6
A3: 176049 | B3: Colorado | C3: Academy Blvd CO | D3: Anthony Galichet | E3: Brittanie Braggs | F3: Romio Hamdar | G3: Colorado Market - No TM | H3: No SEL | I3: Regular | J3: MPQ3B
A4: 176115 | B4: Wisconsin East | C4: WAUKESHA | D4: Anthony Galichet | E4: Brittanie Braggs | F4: No SD | G4: Jayme Roraff | H4: No SEL | I4: Regular | J4: X5JJ8
A5: 176289 | B5: North Carolina | C5: Garner Raleigh | D5: Anthony Galichet | E5: Brittanie Braggs | F5: No SD | G5: North Carolina Market - No TM | H5: No SEL | I5: Regular | J5: B0OZJ
A6: 176995 | B6: Arizona | C6: VAL VISTA | D6: Anthony Galichet | E6: Brittanie Braggs | F6: No SD | G6: Susu Leong | H6: No SEL | I6: Regular | J6: 5Q9UB
A7: 177547 | B7: North Carolina | C7: Winterville NC | D7: Anthony Galichet | E7: Brittanie Braggs | F7: No SD | G7: North Carolina Market - No TM | H7: No SEL | I7: Regular | J7: SUVYW
A8: 177961 | B8: Arizona | C8: Nogales - Mariposa Mall | D8: Anthony Galichet | E8: Brittanie Braggs | F8: No SD | G8: Susu Leong | H8: No SEL | I8: Regular | J8: 8Y9CK
A9: 178016 | B9: Arizona | C9: Legacy Village | D9: Anthony Galichet | E9: Brittanie Braggs | F9: No SD | G9: Susu Leong | H9: No SEL | I9: Regular | J9: LPLMX
A10: 178109 | B10: Arizona | C10: Buffalo Spot | D10: Anthony Galichet | E10: Brittanie Braggs | F10: No SD | G10: Susu Leong | H10: No SEL | I10: Battleship | J10: CWI3V
A11: 178719 | B11: Colorado | C11: Fountain MESA ROAD | D11: Anthony Galichet | E11: Brittanie Braggs | F11: Romio Hamdar | G11: Colorado Market - No TM | H11: No SEL | I11: Battleship | J11: J9TP8
A12: 178937 | B12: Colorado | C12: Briargate | D12: Anthony Galichet | E12: Brittanie Braggs | F12: Romio Hamdar | G12: Colorado Market - No TM | H12: No SEL | I12: Regular | J12: X7LPP
A13: 180225 | B13: Wisconsin West | C13: Onalaska | D13: Anthony Galichet | E13: Brittanie Braggs | F13: No SD | G13: Jayme Roraff | H13: No SEL | I13: Flagship | J13: W4MF3
... A77: 237113 | B77: Closed | C77: Closed | D77: Closed | E77: Closed | F77: Closed | G77: Closed | H77: Closed | I77: Closed | J77: Closed
